experiment_name,model_type,threshold,accuracy,balanced_accuracy,specificity,precision,recall,f1,f2,roc_auc,pr_auc,tn,fp,fn,tp,review_count,review_rate,selected_threshold,threshold_source
dummy_majority_baseline,dummy_classifier,0.05,0.9331210191082803,0.5,1.0,0.0,0.0,0.0,0.0,0.5,0.06687898089171974,293,0,21,0,0,0.0,False,fixed
dummy_majority_baseline,dummy_classifier,0.055,0.9331210191082803,0.5,1.0,0.0,0.0,0.0,0.0,0.5,0.06687898089171974,293,0,21,0,0,0.0,False,fixed
dummy_majority_baseline,dummy_classifier,0.06,0.9331210191082803,0.5,1.0,0.0,0.0,0.0,0.0,0.5,0.06687898089171974,293,0,21,0,0,0.0,False,fixed
dummy_majority_baseline,dummy_classifier,0.065,0.9331210191082803,0.5,1.0,0.0,0.0,0.0,0.0,0.5,0.06687898089171974,293,0,21,0,0,0.0,False,fixed
dummy_majority_baseline,dummy_classifier,0.07,0.9331210191082803,0.5,1.0,0.0,0.0,0.0,0.0,0.5,0.06687898089171974,293,0,21,0,0,0.0,False,fixed
dummy_majority_baseline,dummy_classifier,0.075,0.9331210191082803,0.5,1.0,0.0,0.0,0.0,0.0,0.5,0.06687898089171974,293,0,21,0,0,0.0,False,fixed
dummy_majority_baseline,dummy_classifier,0.08,0.9331210191082803,0.5,1.0,0.0,0.0,0.0,0.0,0.5,0.06687898089171974,293,0,21,0,0,0.0,False,fixed
dummy_majority_baseline,dummy_classifier,0.085,0.9331210191082803,0.5,1.0,0.0,0.0,0.0,0.0,0.5,0.06687898089171974,293,0,21,0,0,0.0,False,fixed
dummy_majority_baseline,dummy_classifier,0.09,0.9331210191082803,0.5,1.0,0.0,0.0,0.0,0.0,0.5,0.06687898089171974,293,0,21,0,0,0.0,False,fixed
dummy_majority_baseline,dummy_classifier,0.095,0.9331210191082803,0.5,1.0,0.0,0.0,0.0,0.0,0.5,0.06687898089171974,293,0,21,0,0,0.0,False,fixed
dummy_majority_baseline,dummy_classifier,0.1,0.9331210191082803,0.5,1.0,0.0,0.0,0.0,0.0,0.5,0.06687898089171974,293,0,21,0,0,0.0,False,fixed
dummy_majority_baseline,dummy_classifier,0.105,0.9331210191082803,0.5,1.0,0.0,0.0,0.0,0.0,0.5,0.06687898089171974,293,0,21,0,0,0.0,False,fixed
dummy_majority_baseline,dummy_classifier,0.11,0.9331210191082803,0.5,1.0,0.0,0.0,0.0,0.0,0.5,0.06687898089171974,293,0,21,0,0,0.0,False,fixed
dummy_majority_baseline,dummy_classifier,0.115,0.9331210191082803,0.5,1.0,0.0,0.0,0.0,0.0,0.5,0.06687898089171974,293,0,21,0,0,0.0,False,fixed
dummy_majority_baseline,dummy_classifier,0.12,0.9331210191082803,0.5,1.0,0.0,0.0,0.0,0.0,0.5,0.06687898089171974,293,0,21,0,0,0.0,False,fixed
dummy_majority_baseline,dummy_classifier,0.125,0.9331210191082803,0.5,1.0,0.0,0.0,0.0,0.0,0.5,0.06687898089171974,293,0,21,0,0,0.0,False,fixed
dummy_majority_baseline,dummy_classifier,0.13,0.9331210191082803,0.5,1.0,0.0,0.0,0.0,0.0,0.5,0.06687898089171974,293,0,21,0,0,0.0,False,fixed
dummy_majority_baseline,dummy_classifier,0.135,0.9331210191082803,0.5,1.0,0.0,0.0,0.0,0.0,0.5,0.06687898089171974,293,0,21,0,0,0.0,False,fixed
dummy_majority_baseline,dummy_classifier,0.14,0.9331210191082803,0.5,1.0,0.0,0.0,0.0,0.0,0.5,0.06687898089171974,293,0,21,0,0,0.0,False,fixed
dummy_majority_baseline,dummy_classifier,0.145,0.9331210191082803,0.5,1.0,0.0,0.0,0.0,0.0,0.5,0.06687898089171974,293,0,21,0,0,0.0,False,fixed
dummy_majority_baseline,dummy_classifier,0.15,0.9331210191082803,0.5,1.0,0.0,0.0,0.0,0.0,0.5,0.06687898089171974,293,0,21,0,0,0.0,False,fixed
dummy_majority_baseline,dummy_classifier,0.155,0.9331210191082803,0.5,1.0,0.0,0.0,0.0,0.0,0.5,0.06687898089171974,293,0,21,0,0,0.0,False,fixed
dummy_majority_baseline,dummy_classifier,0.16,0.9331210191082803,0.5,1.0,0.0,0.0,0.0,0.0,0.5,0.06687898089171974,293,0,21,0,0,0.0,False,fixed
dummy_majority_baseline,dummy_classifier,0.165,0.9331210191082803,0.5,1.0,0.0,0.0,0.0,0.0,0.5,0.06687898089171974,293,0,21,0,0,0.0,False,fixed
dummy_majority_baseline,dummy_classifier,0.17,0.9331210191082803,0.5,1.0,0.0,0.0,0.0,0.0,0.5,0.06687898089171974,293,0,21,0,0,0.0,False,fixed
dummy_majority_baseline,dummy_classifier,0.175,0.9331210191082803,0.5,1.0,0.0,0.0,0.0,0.0,0.5,0.06687898089171974,293,0,21,0,0,0.0,False,fixed
dummy_majority_baseline,dummy_classifier,0.18,0.9331210191082803,0.5,1.0,0.0,0.0,0.0,0.0,0.5,0.06687898089171974,293,0,21,0,0,0.0,False,fixed
dummy_majority_baseline,dummy_classifier,0.185,0.9331210191082803,0.5,1.0,0.0,0.0,0.0,0.0,0.5,0.06687898089171974,293,0,21,0,0,0.0,False,fixed
dummy_majority_baseline,dummy_classifier,0.19,0.9331210191082803,0.5,1.0,0.0,0.0,0.0,0.0,0.5,0.06687898089171974,293,0,21,0,0,0.0,False,fixed
dummy_majority_baseline,dummy_classifier,0.195,0.9331210191082803,0.5,1.0,0.0,0.0,0.0,0.0,0.5,0.06687898089171974,293,0,21,0,0,0.0,False,fixed
dummy_majority_baseline,dummy_classifier,0.2,0.9331210191082803,0.5,1.0,0.0,0.0,0.0,0.0,0.5,0.06687898089171974,293,0,21,0,0,0.0,False,fixed
dummy_majority_baseline,dummy_classifier,0.205,0.9331210191082803,0.5,1.0,0.0,0.0,0.0,0.0,0.5,0.06687898089171974,293,0,21,0,0,0.0,False,fixed
dummy_majority_baseline,dummy_classifier,0.21,0.9331210191082803,0.5,1.0,0.0,0.0,0.0,0.0,0.5,0.06687898089171974,293,0,21,0,0,0.0,False,fixed
dummy_majority_baseline,dummy_classifier,0.215,0.9331210191082803,0.5,1.0,0.0,0.0,0.0,0.0,0.5,0.06687898089171974,293,0,21,0,0,0.0,False,fixed
dummy_majority_baseline,dummy_classifier,0.22,0.9331210191082803,0.5,1.0,0.0,0.0,0.0,0.0,0.5,0.06687898089171974,293,0,21,0,0,0.0,False,fixed
dummy_majority_baseline,dummy_classifier,0.225,0.9331210191082803,0.5,1.0,0.0,0.0,0.0,0.0,0.5,0.06687898089171974,293,0,21,0,0,0.0,False,fixed
dummy_majority_baseline,dummy_classifier,0.23,0.9331210191082803,0.5,1.0,0.0,0.0,0.0,0.0,0.5,0.06687898089171974,293,0,21,0,0,0.0,False,fixed
dummy_majority_baseline,dummy_classifier,0.235,0.9331210191082803,0.5,1.0,0.0,0.0,0.0,0.0,0.5,0.06687898089171974,293,0,21,0,0,0.0,False,fixed
dummy_majority_baseline,dummy_classifier,0.24,0.9331210191082803,0.5,1.0,0.0,0.0,0.0,0.0,0.5,0.06687898089171974,293,0,21,0,0,0.0,False,fixed
dummy_majority_baseline,dummy_classifier,0.245,0.9331210191082803,0.5,1.0,0.0,0.0,0.0,0.0,0.5,0.06687898089171974,293,0,21,0,0,0.0,False,fixed
dummy_majority_baseline,dummy_classifier,0.25,0.9331210191082803,0.5,1.0,0.0,0.0,0.0,0.0,0.5,0.06687898089171974,293,0,21,0,0,0.0,False,fixed
dummy_majority_baseline,dummy_classifier,0.255,0.9331210191082803,0.5,1.0,0.0,0.0,0.0,0.0,0.5,0.06687898089171974,293,0,21,0,0,0.0,False,fixed
dummy_majority_baseline,dummy_classifier,0.26,0.9331210191082803,0.5,1.0,0.0,0.0,0.0,0.0,0.5,0.06687898089171974,293,0,21,0,0,0.0,False,fixed
dummy_majority_baseline,dummy_classifier,0.265,0.9331210191082803,0.5,1.0,0.0,0.0,0.0,0.0,0.5,0.06687898089171974,293,0,21,0,0,0.0,False,fixed
dummy_majority_baseline,dummy_classifier,0.27,0.9331210191082803,0.5,1.0,0.0,0.0,0.0,0.0,0.5,0.06687898089171974,293,0,21,0,0,0.0,False,fixed
dummy_majority_baseline,dummy_classifier,0.275,0.9331210191082803,0.5,1.0,0.0,0.0,0.0,0.0,0.5,0.06687898089171974,293,0,21,0,0,0.0,False,fixed
dummy_majority_baseline,dummy_classifier,0.28,0.9331210191082803,0.5,1.0,0.0,0.0,0.0,0.0,0.5,0.06687898089171974,293,0,21,0,0,0.0,False,fixed
dummy_majority_baseline,dummy_classifier,0.285,0.9331210191082803,0.5,1.0,0.0,0.0,0.0,0.0,0.5,0.06687898089171974,293,0,21,0,0,0.0,False,fixed
dummy_majority_baseline,dummy_classifier,0.29,0.9331210191082803,0.5,1.0,0.0,0.0,0.0,0.0,0.5,0.06687898089171974,293,0,21,0,0,0.0,False,fixed
dummy_majority_baseline,dummy_classifier,0.295,0.9331210191082803,0.5,1.0,0.0,0.0,0.0,0.0,0.5,0.06687898089171974,293,0,21,0,0,0.0,False,fixed
dummy_majority_baseline,dummy_classifier,0.3,0.9331210191082803,0.5,1.0,0.0,0.0,0.0,0.0,0.5,0.06687898089171974,293,0,21,0,0,0.0,False,fixed
dummy_majority_baseline,dummy_classifier,0.305,0.9331210191082803,0.5,1.0,0.0,0.0,0.0,0.0,0.5,0.06687898089171974,293,0,21,0,0,0.0,False,fixed
dummy_majority_baseline,dummy_classifier,0.31,0.9331210191082803,0.5,1.0,0.0,0.0,0.0,0.0,0.5,0.06687898089171974,293,0,21,0,0,0.0,False,fixed
dummy_majority_baseline,dummy_classifier,0.315,0.9331210191082803,0.5,1.0,0.0,0.0,0.0,0.0,0.5,0.06687898089171974,293,0,21,0,0,0.0,False,fixed
dummy_majority_baseline,dummy_classifier,0.32,0.9331210191082803,0.5,1.0,0.0,0.0,0.0,0.0,0.5,0.06687898089171974,293,0,21,0,0,0.0,False,fixed
dummy_majority_baseline,dummy_classifier,0.325,0.9331210191082803,0.5,1.0,0.0,0.0,0.0,0.0,0.5,0.06687898089171974,293,0,21,0,0,0.0,False,fixed
dummy_majority_baseline,dummy_classifier,0.33,0.9331210191082803,0.5,1.0,0.0,0.0,0.0,0.0,0.5,0.06687898089171974,293,0,21,0,0,0.0,False,fixed
dummy_majority_baseline,dummy_classifier,0.335,0.9331210191082803,0.5,1.0,0.0,0.0,0.0,0.0,0.5,0.06687898089171974,293,0,21,0,0,0.0,False,fixed
dummy_majority_baseline,dummy_classifier,0.34,0.9331210191082803,0.5,1.0,0.0,0.0,0.0,0.0,0.5,0.06687898089171974,293,0,21,0,0,0.0,False,fixed
dummy_majority_baseline,dummy_classifier,0.345,0.9331210191082803,0.5,1.0,0.0,0.0,0.0,0.0,0.5,0.06687898089171974,293,0,21,0,0,0.0,False,fixed
dummy_majority_baseline,dummy_classifier,0.35,0.9331210191082803,0.5,1.0,0.0,0.0,0.0,0.0,0.5,0.06687898089171974,293,0,21,0,0,0.0,False,fixed
dummy_majority_baseline,dummy_classifier,0.355,0.9331210191082803,0.5,1.0,0.0,0.0,0.0,0.0,0.5,0.06687898089171974,293,0,21,0,0,0.0,False,fixed
dummy_majority_baseline,dummy_classifier,0.36,0.9331210191082803,0.5,1.0,0.0,0.0,0.0,0.0,0.5,0.06687898089171974,293,0,21,0,0,0.0,False,fixed
dummy_majority_baseline,dummy_classifier,0.365,0.9331210191082803,0.5,1.0,0.0,0.0,0.0,0.0,0.5,0.06687898089171974,293,0,21,0,0,0.0,False,fixed
dummy_majority_baseline,dummy_classifier,0.37,0.9331210191082803,0.5,1.0,0.0,0.0,0.0,0.0,0.5,0.06687898089171974,293,0,21,0,0,0.0,False,fixed
dummy_majority_baseline,dummy_classifier,0.375,0.9331210191082803,0.5,1.0,0.0,0.0,0.0,0.0,0.5,0.06687898089171974,293,0,21,0,0,0.0,False,fixed
dummy_majority_baseline,dummy_classifier,0.38,0.9331210191082803,0.5,1.0,0.0,0.0,0.0,0.0,0.5,0.06687898089171974,293,0,21,0,0,0.0,False,fixed
dummy_majority_baseline,dummy_classifier,0.385,0.9331210191082803,0.5,1.0,0.0,0.0,0.0,0.0,0.5,0.06687898089171974,293,0,21,0,0,0.0,False,fixed
dummy_majority_baseline,dummy_classifier,0.39,0.9331210191082803,0.5,1.0,0.0,0.0,0.0,0.0,0.5,0.06687898089171974,293,0,21,0,0,0.0,False,fixed
dummy_majority_baseline,dummy_classifier,0.395,0.9331210191082803,0.5,1.0,0.0,0.0,0.0,0.0,0.5,0.06687898089171974,293,0,21,0,0,0.0,False,fixed
dummy_majority_baseline,dummy_classifier,0.4,0.9331210191082803,0.5,1.0,0.0,0.0,0.0,0.0,0.5,0.06687898089171974,293,0,21,0,0,0.0,False,fixed
dummy_majority_baseline,dummy_classifier,0.405,0.9331210191082803,0.5,1.0,0.0,0.0,0.0,0.0,0.5,0.06687898089171974,293,0,21,0,0,0.0,False,fixed
dummy_majority_baseline,dummy_classifier,0.41,0.9331210191082803,0.5,1.0,0.0,0.0,0.0,0.0,0.5,0.06687898089171974,293,0,21,0,0,0.0,False,fixed
dummy_majority_baseline,dummy_classifier,0.415,0.9331210191082803,0.5,1.0,0.0,0.0,0.0,0.0,0.5,0.06687898089171974,293,0,21,0,0,0.0,False,fixed
dummy_majority_baseline,dummy_classifier,0.42,0.9331210191082803,0.5,1.0,0.0,0.0,0.0,0.0,0.5,0.06687898089171974,293,0,21,0,0,0.0,False,fixed
dummy_majority_baseline,dummy_classifier,0.425,0.9331210191082803,0.5,1.0,0.0,0.0,0.0,0.0,0.5,0.06687898089171974,293,0,21,0,0,0.0,False,fixed
dummy_majority_baseline,dummy_classifier,0.43,0.9331210191082803,0.5,1.0,0.0,0.0,0.0,0.0,0.5,0.06687898089171974,293,0,21,0,0,0.0,False,fixed
dummy_majority_baseline,dummy_classifier,0.435,0.9331210191082803,0.5,1.0,0.0,0.0,0.0,0.0,0.5,0.06687898089171974,293,0,21,0,0,0.0,False,fixed
dummy_majority_baseline,dummy_classifier,0.44,0.9331210191082803,0.5,1.0,0.0,0.0,0.0,0.0,0.5,0.06687898089171974,293,0,21,0,0,0.0,False,fixed
dummy_majority_baseline,dummy_classifier,0.445,0.9331210191082803,0.5,1.0,0.0,0.0,0.0,0.0,0.5,0.06687898089171974,293,0,21,0,0,0.0,False,fixed
dummy_majority_baseline,dummy_classifier,0.45,0.9331210191082803,0.5,1.0,0.0,0.0,0.0,0.0,0.5,0.06687898089171974,293,0,21,0,0,0.0,False,fixed
dummy_majority_baseline,dummy_classifier,0.455,0.9331210191082803,0.5,1.0,0.0,0.0,0.0,0.0,0.5,0.06687898089171974,293,0,21,0,0,0.0,False,fixed
dummy_majority_baseline,dummy_classifier,0.46,0.9331210191082803,0.5,1.0,0.0,0.0,0.0,0.0,0.5,0.06687898089171974,293,0,21,0,0,0.0,False,fixed
dummy_majority_baseline,dummy_classifier,0.465,0.9331210191082803,0.5,1.0,0.0,0.0,0.0,0.0,0.5,0.06687898089171974,293,0,21,0,0,0.0,False,fixed
dummy_majority_baseline,dummy_classifier,0.47,0.9331210191082803,0.5,1.0,0.0,0.0,0.0,0.0,0.5,0.06687898089171974,293,0,21,0,0,0.0,False,fixed
dummy_majority_baseline,dummy_classifier,0.475,0.9331210191082803,0.5,1.0,0.0,0.0,0.0,0.0,0.5,0.06687898089171974,293,0,21,0,0,0.0,False,fixed
dummy_majority_baseline,dummy_classifier,0.48,0.9331210191082803,0.5,1.0,0.0,0.0,0.0,0.0,0.5,0.06687898089171974,293,0,21,0,0,0.0,False,fixed
dummy_majority_baseline,dummy_classifier,0.485,0.9331210191082803,0.5,1.0,0.0,0.0,0.0,0.0,0.5,0.06687898089171974,293,0,21,0,0,0.0,False,fixed
dummy_majority_baseline,dummy_classifier,0.49,0.9331210191082803,0.5,1.0,0.0,0.0,0.0,0.0,0.5,0.06687898089171974,293,0,21,0,0,0.0,False,fixed
dummy_majority_baseline,dummy_classifier,0.495,0.9331210191082803,0.5,1.0,0.0,0.0,0.0,0.0,0.5,0.06687898089171974,293,0,21,0,0,0.0,False,fixed
dummy_majority_baseline,dummy_classifier,0.5,0.9331210191082803,0.5,1.0,0.0,0.0,0.0,0.0,0.5,0.06687898089171974,293,0,21,0,0,0.0,True,fixed
dummy_majority_baseline,dummy_classifier,0.505,0.9331210191082803,0.5,1.0,0.0,0.0,0.0,0.0,0.5,0.06687898089171974,293,0,21,0,0,0.0,False,fixed
dummy_majority_baseline,dummy_classifier,0.51,0.9331210191082803,0.5,1.0,0.0,0.0,0.0,0.0,0.5,0.06687898089171974,293,0,21,0,0,0.0,False,fixed
dummy_majority_baseline,dummy_classifier,0.515,0.9331210191082803,0.5,1.0,0.0,0.0,0.0,0.0,0.5,0.06687898089171974,293,0,21,0,0,0.0,False,fixed
dummy_majority_baseline,dummy_classifier,0.52,0.9331210191082803,0.5,1.0,0.0,0.0,0.0,0.0,0.5,0.06687898089171974,293,0,21,0,0,0.0,False,fixed
dummy_majority_baseline,dummy_classifier,0.525,0.9331210191082803,0.5,1.0,0.0,0.0,0.0,0.0,0.5,0.06687898089171974,293,0,21,0,0,0.0,False,fixed
dummy_majority_baseline,dummy_classifier,0.53,0.9331210191082803,0.5,1.0,0.0,0.0,0.0,0.0,0.5,0.06687898089171974,293,0,21,0,0,0.0,False,fixed
dummy_majority_baseline,dummy_classifier,0.535,0.9331210191082803,0.5,1.0,0.0,0.0,0.0,0.0,0.5,0.06687898089171974,293,0,21,0,0,0.0,False,fixed
dummy_majority_baseline,dummy_classifier,0.54,0.9331210191082803,0.5,1.0,0.0,0.0,0.0,0.0,0.5,0.06687898089171974,293,0,21,0,0,0.0,False,fixed
dummy_majority_baseline,dummy_classifier,0.545,0.9331210191082803,0.5,1.0,0.0,0.0,0.0,0.0,0.5,0.06687898089171974,293,0,21,0,0,0.0,False,fixed
dummy_majority_baseline,dummy_classifier,0.55,0.9331210191082803,0.5,1.0,0.0,0.0,0.0,0.0,0.5,0.06687898089171974,293,0,21,0,0,0.0,False,fixed
dummy_majority_baseline,dummy_classifier,0.555,0.9331210191082803,0.5,1.0,0.0,0.0,0.0,0.0,0.5,0.06687898089171974,293,0,21,0,0,0.0,False,fixed
dummy_majority_baseline,dummy_classifier,0.56,0.9331210191082803,0.5,1.0,0.0,0.0,0.0,0.0,0.5,0.06687898089171974,293,0,21,0,0,0.0,False,fixed
dummy_majority_baseline,dummy_classifier,0.565,0.9331210191082803,0.5,1.0,0.0,0.0,0.0,0.0,0.5,0.06687898089171974,293,0,21,0,0,0.0,False,fixed
dummy_majority_baseline,dummy_classifier,0.57,0.9331210191082803,0.5,1.0,0.0,0.0,0.0,0.0,0.5,0.06687898089171974,293,0,21,0,0,0.0,False,fixed
dummy_majority_baseline,dummy_classifier,0.575,0.9331210191082803,0.5,1.0,0.0,0.0,0.0,0.0,0.5,0.06687898089171974,293,0,21,0,0,0.0,False,fixed
dummy_majority_baseline,dummy_classifier,0.58,0.9331210191082803,0.5,1.0,0.0,0.0,0.0,0.0,0.5,0.06687898089171974,293,0,21,0,0,0.0,False,fixed
dummy_majority_baseline,dummy_classifier,0.585,0.9331210191082803,0.5,1.0,0.0,0.0,0.0,0.0,0.5,0.06687898089171974,293,0,21,0,0,0.0,False,fixed
dummy_majority_baseline,dummy_classifier,0.59,0.9331210191082803,0.5,1.0,0.0,0.0,0.0,0.0,0.5,0.06687898089171974,293,0,21,0,0,0.0,False,fixed
dummy_majority_baseline,dummy_classifier,0.595,0.9331210191082803,0.5,1.0,0.0,0.0,0.0,0.0,0.5,0.06687898089171974,293,0,21,0,0,0.0,False,fixed
dummy_majority_baseline,dummy_classifier,0.6,0.9331210191082803,0.5,1.0,0.0,0.0,0.0,0.0,0.5,0.06687898089171974,293,0,21,0,0,0.0,False,fixed
dummy_majority_baseline,dummy_classifier,0.605,0.9331210191082803,0.5,1.0,0.0,0.0,0.0,0.0,0.5,0.06687898089171974,293,0,21,0,0,0.0,False,fixed
dummy_majority_baseline,dummy_classifier,0.61,0.9331210191082803,0.5,1.0,0.0,0.0,0.0,0.0,0.5,0.06687898089171974,293,0,21,0,0,0.0,False,fixed
dummy_majority_baseline,dummy_classifier,0.615,0.9331210191082803,0.5,1.0,0.0,0.0,0.0,0.0,0.5,0.06687898089171974,293,0,21,0,0,0.0,False,fixed
dummy_majority_baseline,dummy_classifier,0.62,0.9331210191082803,0.5,1.0,0.0,0.0,0.0,0.0,0.5,0.06687898089171974,293,0,21,0,0,0.0,False,fixed
dummy_majority_baseline,dummy_classifier,0.625,0.9331210191082803,0.5,1.0,0.0,0.0,0.0,0.0,0.5,0.06687898089171974,293,0,21,0,0,0.0,False,fixed
dummy_majority_baseline,dummy_classifier,0.63,0.9331210191082803,0.5,1.0,0.0,0.0,0.0,0.0,0.5,0.06687898089171974,293,0,21,0,0,0.0,False,fixed
dummy_majority_baseline,dummy_classifier,0.635,0.9331210191082803,0.5,1.0,0.0,0.0,0.0,0.0,0.5,0.06687898089171974,293,0,21,0,0,0.0,False,fixed
dummy_majority_baseline,dummy_classifier,0.64,0.9331210191082803,0.5,1.0,0.0,0.0,0.0,0.0,0.5,0.06687898089171974,293,0,21,0,0,0.0,False,fixed
dummy_majority_baseline,dummy_classifier,0.645,0.9331210191082803,0.5,1.0,0.0,0.0,0.0,0.0,0.5,0.06687898089171974,293,0,21,0,0,0.0,False,fixed
dummy_majority_baseline,dummy_classifier,0.65,0.9331210191082803,0.5,1.0,0.0,0.0,0.0,0.0,0.5,0.06687898089171974,293,0,21,0,0,0.0,False,fixed
dummy_majority_baseline,dummy_classifier,0.655,0.9331210191082803,0.5,1.0,0.0,0.0,0.0,0.0,0.5,0.06687898089171974,293,0,21,0,0,0.0,False,fixed
dummy_majority_baseline,dummy_classifier,0.66,0.9331210191082803,0.5,1.0,0.0,0.0,0.0,0.0,0.5,0.06687898089171974,293,0,21,0,0,0.0,False,fixed
dummy_majority_baseline,dummy_classifier,0.665,0.9331210191082803,0.5,1.0,0.0,0.0,0.0,0.0,0.5,0.06687898089171974,293,0,21,0,0,0.0,False,fixed
dummy_majority_baseline,dummy_classifier,0.67,0.9331210191082803,0.5,1.0,0.0,0.0,0.0,0.0,0.5,0.06687898089171974,293,0,21,0,0,0.0,False,fixed
dummy_majority_baseline,dummy_classifier,0.675,0.9331210191082803,0.5,1.0,0.0,0.0,0.0,0.0,0.5,0.06687898089171974,293,0,21,0,0,0.0,False,fixed
dummy_majority_baseline,dummy_classifier,0.68,0.9331210191082803,0.5,1.0,0.0,0.0,0.0,0.0,0.5,0.06687898089171974,293,0,21,0,0,0.0,False,fixed
dummy_majority_baseline,dummy_classifier,0.685,0.9331210191082803,0.5,1.0,0.0,0.0,0.0,0.0,0.5,0.06687898089171974,293,0,21,0,0,0.0,False,fixed
dummy_majority_baseline,dummy_classifier,0.69,0.9331210191082803,0.5,1.0,0.0,0.0,0.0,0.0,0.5,0.06687898089171974,293,0,21,0,0,0.0,False,fixed
dummy_majority_baseline,dummy_classifier,0.695,0.9331210191082803,0.5,1.0,0.0,0.0,0.0,0.0,0.5,0.06687898089171974,293,0,21,0,0,0.0,False,fixed
dummy_majority_baseline,dummy_classifier,0.7,0.9331210191082803,0.5,1.0,0.0,0.0,0.0,0.0,0.5,0.06687898089171974,293,0,21,0,0,0.0,False,fixed
dummy_majority_baseline,dummy_classifier,0.705,0.9331210191082803,0.5,1.0,0.0,0.0,0.0,0.0,0.5,0.06687898089171974,293,0,21,0,0,0.0,False,fixed
dummy_majority_baseline,dummy_classifier,0.71,0.9331210191082803,0.5,1.0,0.0,0.0,0.0,0.0,0.5,0.06687898089171974,293,0,21,0,0,0.0,False,fixed
dummy_majority_baseline,dummy_classifier,0.715,0.9331210191082803,0.5,1.0,0.0,0.0,0.0,0.0,0.5,0.06687898089171974,293,0,21,0,0,0.0,False,fixed
dummy_majority_baseline,dummy_classifier,0.72,0.9331210191082803,0.5,1.0,0.0,0.0,0.0,0.0,0.5,0.06687898089171974,293,0,21,0,0,0.0,False,fixed
dummy_majority_baseline,dummy_classifier,0.725,0.9331210191082803,0.5,1.0,0.0,0.0,0.0,0.0,0.5,0.06687898089171974,293,0,21,0,0,0.0,False,fixed
dummy_majority_baseline,dummy_classifier,0.73,0.9331210191082803,0.5,1.0,0.0,0.0,0.0,0.0,0.5,0.06687898089171974,293,0,21,0,0,0.0,False,fixed
dummy_majority_baseline,dummy_classifier,0.735,0.9331210191082803,0.5,1.0,0.0,0.0,0.0,0.0,0.5,0.06687898089171974,293,0,21,0,0,0.0,False,fixed
dummy_majority_baseline,dummy_classifier,0.74,0.9331210191082803,0.5,1.0,0.0,0.0,0.0,0.0,0.5,0.06687898089171974,293,0,21,0,0,0.0,False,fixed
dummy_majority_baseline,dummy_classifier,0.745,0.9331210191082803,0.5,1.0,0.0,0.0,0.0,0.0,0.5,0.06687898089171974,293,0,21,0,0,0.0,False,fixed
dummy_majority_baseline,dummy_classifier,0.75,0.9331210191082803,0.5,1.0,0.0,0.0,0.0,0.0,0.5,0.06687898089171974,293,0,21,0,0,0.0,False,fixed
dummy_majority_baseline,dummy_classifier,0.755,0.9331210191082803,0.5,1.0,0.0,0.0,0.0,0.0,0.5,0.06687898089171974,293,0,21,0,0,0.0,False,fixed
dummy_majority_baseline,dummy_classifier,0.76,0.9331210191082803,0.5,1.0,0.0,0.0,0.0,0.0,0.5,0.06687898089171974,293,0,21,0,0,0.0,False,fixed
dummy_majority_baseline,dummy_classifier,0.765,0.9331210191082803,0.5,1.0,0.0,0.0,0.0,0.0,0.5,0.06687898089171974,293,0,21,0,0,0.0,False,fixed
dummy_majority_baseline,dummy_classifier,0.77,0.9331210191082803,0.5,1.0,0.0,0.0,0.0,0.0,0.5,0.06687898089171974,293,0,21,0,0,0.0,False,fixed
dummy_majority_baseline,dummy_classifier,0.775,0.9331210191082803,0.5,1.0,0.0,0.0,0.0,0.0,0.5,0.06687898089171974,293,0,21,0,0,0.0,False,fixed
dummy_majority_baseline,dummy_classifier,0.78,0.9331210191082803,0.5,1.0,0.0,0.0,0.0,0.0,0.5,0.06687898089171974,293,0,21,0,0,0.0,False,fixed
dummy_majority_baseline,dummy_classifier,0.785,0.9331210191082803,0.5,1.0,0.0,0.0,0.0,0.0,0.5,0.06687898089171974,293,0,21,0,0,0.0,False,fixed
dummy_majority_baseline,dummy_classifier,0.79,0.9331210191082803,0.5,1.0,0.0,0.0,0.0,0.0,0.5,0.06687898089171974,293,0,21,0,0,0.0,False,fixed
dummy_majority_baseline,dummy_classifier,0.795,0.9331210191082803,0.5,1.0,0.0,0.0,0.0,0.0,0.5,0.06687898089171974,293,0,21,0,0,0.0,False,fixed
dummy_majority_baseline,dummy_classifier,0.8,0.9331210191082803,0.5,1.0,0.0,0.0,0.0,0.0,0.5,0.06687898089171974,293,0,21,0,0,0.0,False,fixed
dummy_majority_baseline,dummy_classifier,0.805,0.9331210191082803,0.5,1.0,0.0,0.0,0.0,0.0,0.5,0.06687898089171974,293,0,21,0,0,0.0,False,fixed
dummy_majority_baseline,dummy_classifier,0.81,0.9331210191082803,0.5,1.0,0.0,0.0,0.0,0.0,0.5,0.06687898089171974,293,0,21,0,0,0.0,False,fixed
dummy_majority_baseline,dummy_classifier,0.815,0.9331210191082803,0.5,1.0,0.0,0.0,0.0,0.0,0.5,0.06687898089171974,293,0,21,0,0,0.0,False,fixed
dummy_majority_baseline,dummy_classifier,0.82,0.9331210191082803,0.5,1.0,0.0,0.0,0.0,0.0,0.5,0.06687898089171974,293,0,21,0,0,0.0,False,fixed
dummy_majority_baseline,dummy_classifier,0.825,0.9331210191082803,0.5,1.0,0.0,0.0,0.0,0.0,0.5,0.06687898089171974,293,0,21,0,0,0.0,False,fixed
dummy_majority_baseline,dummy_classifier,0.83,0.9331210191082803,0.5,1.0,0.0,0.0,0.0,0.0,0.5,0.06687898089171974,293,0,21,0,0,0.0,False,fixed
dummy_majority_baseline,dummy_classifier,0.835,0.9331210191082803,0.5,1.0,0.0,0.0,0.0,0.0,0.5,0.06687898089171974,293,0,21,0,0,0.0,False,fixed
dummy_majority_baseline,dummy_classifier,0.84,0.9331210191082803,0.5,1.0,0.0,0.0,0.0,0.0,0.5,0.06687898089171974,293,0,21,0,0,0.0,False,fixed
dummy_majority_baseline,dummy_classifier,0.845,0.9331210191082803,0.5,1.0,0.0,0.0,0.0,0.0,0.5,0.06687898089171974,293,0,21,0,0,0.0,False,fixed
dummy_majority_baseline,dummy_classifier,0.85,0.9331210191082803,0.5,1.0,0.0,0.0,0.0,0.0,0.5,0.06687898089171974,293,0,21,0,0,0.0,False,fixed
dummy_majority_baseline,dummy_classifier,0.855,0.9331210191082803,0.5,1.0,0.0,0.0,0.0,0.0,0.5,0.06687898089171974,293,0,21,0,0,0.0,False,fixed
dummy_majority_baseline,dummy_classifier,0.86,0.9331210191082803,0.5,1.0,0.0,0.0,0.0,0.0,0.5,0.06687898089171974,293,0,21,0,0,0.0,False,fixed
dummy_majority_baseline,dummy_classifier,0.865,0.9331210191082803,0.5,1.0,0.0,0.0,0.0,0.0,0.5,0.06687898089171974,293,0,21,0,0,0.0,False,fixed
dummy_majority_baseline,dummy_classifier,0.87,0.9331210191082803,0.5,1.0,0.0,0.0,0.0,0.0,0.5,0.06687898089171974,293,0,21,0,0,0.0,False,fixed
dummy_majority_baseline,dummy_classifier,0.875,0.9331210191082803,0.5,1.0,0.0,0.0,0.0,0.0,0.5,0.06687898089171974,293,0,21,0,0,0.0,False,fixed
dummy_majority_baseline,dummy_classifier,0.88,0.9331210191082803,0.5,1.0,0.0,0.0,0.0,0.0,0.5,0.06687898089171974,293,0,21,0,0,0.0,False,fixed
dummy_majority_baseline,dummy_classifier,0.885,0.9331210191082803,0.5,1.0,0.0,0.0,0.0,0.0,0.5,0.06687898089171974,293,0,21,0,0,0.0,False,fixed
dummy_majority_baseline,dummy_classifier,0.89,0.9331210191082803,0.5,1.0,0.0,0.0,0.0,0.0,0.5,0.06687898089171974,293,0,21,0,0,0.0,False,fixed
dummy_majority_baseline,dummy_classifier,0.895,0.9331210191082803,0.5,1.0,0.0,0.0,0.0,0.0,0.5,0.06687898089171974,293,0,21,0,0,0.0,False,fixed
dummy_majority_baseline,dummy_classifier,0.9,0.9331210191082803,0.5,1.0,0.0,0.0,0.0,0.0,0.5,0.06687898089171974,293,0,21,0,0,0.0,False,fixed
dummy_majority_baseline,dummy_classifier,0.905,0.9331210191082803,0.5,1.0,0.0,0.0,0.0,0.0,0.5,0.06687898089171974,293,0,21,0,0,0.0,False,fixed
dummy_majority_baseline,dummy_classifier,0.91,0.9331210191082803,0.5,1.0,0.0,0.0,0.0,0.0,0.5,0.06687898089171974,293,0,21,0,0,0.0,False,fixed
dummy_majority_baseline,dummy_classifier,0.915,0.9331210191082803,0.5,1.0,0.0,0.0,0.0,0.0,0.5,0.06687898089171974,293,0,21,0,0,0.0,False,fixed
dummy_majority_baseline,dummy_classifier,0.92,0.9331210191082803,0.5,1.0,0.0,0.0,0.0,0.0,0.5,0.06687898089171974,293,0,21,0,0,0.0,False,fixed
dummy_majority_baseline,dummy_classifier,0.925,0.9331210191082803,0.5,1.0,0.0,0.0,0.0,0.0,0.5,0.06687898089171974,293,0,21,0,0,0.0,False,fixed
dummy_majority_baseline,dummy_classifier,0.93,0.9331210191082803,0.5,1.0,0.0,0.0,0.0,0.0,0.5,0.06687898089171974,293,0,21,0,0,0.0,False,fixed
dummy_majority_baseline,dummy_classifier,0.935,0.9331210191082803,0.5,1.0,0.0,0.0,0.0,0.0,0.5,0.06687898089171974,293,0,21,0,0,0.0,False,fixed
dummy_majority_baseline,dummy_classifier,0.94,0.9331210191082803,0.5,1.0,0.0,0.0,0.0,0.0,0.5,0.06687898089171974,293,0,21,0,0,0.0,False,fixed
dummy_majority_baseline,dummy_classifier,0.945,0.9331210191082803,0.5,1.0,0.0,0.0,0.0,0.0,0.5,0.06687898089171974,293,0,21,0,0,0.0,False,fixed
dummy_majority_baseline,dummy_classifier,0.95,0.9331210191082803,0.5,1.0,0.0,0.0,0.0,0.0,0.5,0.06687898089171974,293,0,21,0,0,0.0,False,fixed
logistic_regression_pca_baseline,logistic_regression_pca,0.05,0.6847133757961783,0.5658215504631887,0.7030716723549488,0.09375,0.42857142857142855,0.15384615384615385,0.25,0.6432634487241996,0.15087053527158906,206,87,12,9,96,0.3057324840764331,False,validation_f2
logistic_regression_pca_baseline,logistic_regression_pca,0.055,0.7006369426751592,0.5743539736713799,0.7201365187713311,0.0989010989010989,0.42857142857142855,0.16071428571428573,0.2571428571428571,0.6432634487241996,0.15087053527158906,211,82,12,9,91,0.2898089171974522,False,validation_f2
logistic_regression_pca_baseline,logistic_regression_pca,0.06,0.7006369426751592,0.5743539736713799,0.7201365187713311,0.0989010989010989,0.42857142857142855,0.16071428571428573,0.2571428571428571,0.6432634487241996,0.15087053527158906,211,82,12,9,91,0.2898089171974522,False,validation_f2
logistic_regression_pca_baseline,logistic_regression_pca,0.065,0.7070063694267515,0.5777669429546562,0.726962457337884,0.10112359550561797,0.42857142857142855,0.16363636363636364,0.26011560693641617,0.6432634487241996,0.15087053527158906,213,80,12,9,89,0.28343949044585987,False,validation_f2
logistic_regression_pca_baseline,logistic_regression_pca,0.07,0.7101910828025477,0.5794734275962945,0.7303754266211604,0.10227272727272728,0.42857142857142855,0.1651376146788991,0.2616279069767442,0.6432634487241996,0.15087053527158906,214,79,12,9,88,0.2802547770700637,False,validation_f2
logistic_regression_pca_baseline,logistic_regression_pca,0.075,0.7133757961783439,0.5811799122379327,0.7337883959044369,0.10344827586206896,0.42857142857142855,0.16666666666666666,0.2631578947368421,0.6432634487241996,0.15087053527158906,215,78,12,9,87,0.2770700636942675,False,validation_f2
logistic_regression_pca_baseline,logistic_regression_pca,0.08,0.7197452229299363,0.5845928815212091,0.7406143344709898,0.10588235294117647,0.42857142857142855,0.16981132075471697,0.26627218934911245,0.6432634487241996,0.15087053527158906,217,76,12,9,85,0.27070063694267515,False,validation_f2
logistic_regression_pca_baseline,logistic_regression_pca,0.085,0.7261146496815286,0.5880058508044856,0.7474402730375427,0.10843373493975904,0.42857142857142855,0.17307692307692307,0.2694610778443114,0.6432634487241996,0.15087053527158906,219,74,12,9,83,0.2643312101910828,False,validation_f2
logistic_regression_pca_baseline,logistic_regression_pca,0.09,0.7292993630573248,0.5897123354461238,0.7508532423208191,0.10975609756097561,0.42857142857142855,0.17475728155339806,0.2710843373493976,0.6432634487241996,0.15087053527158906,220,73,12,9,82,0.2611464968152866,False,validation_f2
logistic_regression_pca_baseline,logistic_regression_pca,0.095,0.7292993630573248,0.5897123354461238,0.7508532423208191,0.10975609756097561,0.42857142857142855,0.17475728155339806,0.2710843373493976,0.6432634487241996,0.15087053527158906,220,73,12,9,82,0.2611464968152866,False,validation_f2
logistic_regression_pca_baseline,logistic_regression_pca,0.1,0.7356687898089171,0.5931253047294003,0.757679180887372,0.1125,0.42857142857142855,0.1782178217821782,0.27439024390243905,0.6432634487241996,0.15087053527158906,222,71,12,9,80,0.25477707006369427,False,validation_f2
logistic_regression_pca_baseline,logistic_regression_pca,0.105,0.7388535031847133,0.5948317893710385,0.7610921501706485,0.11392405063291139,0.42857142857142855,0.18,0.27607361963190186,0.6432634487241996,0.15087053527158906,223,70,12,9,79,0.2515923566878981,False,validation_f2
logistic_regression_pca_baseline,logistic_regression_pca,0.11,0.7388535031847133,0.5948317893710385,0.7610921501706485,0.11392405063291139,0.42857142857142855,0.18,0.27607361963190186,0.6432634487241996,0.15087053527158906,223,70,12,9,79,0.2515923566878981,False,validation_f2
logistic_regression_pca_baseline,logistic_regression_pca,0.115,0.7420382165605095,0.5965382740126768,0.764505119453925,0.11538461538461539,0.42857142857142855,0.18181818181818182,0.2777777777777778,0.6432634487241996,0.15087053527158906,224,69,12,9,78,0.2484076433121019,False,validation_f2
logistic_regression_pca_baseline,logistic_regression_pca,0.12,0.7484076433121019,0.5999512432959532,0.7713310580204779,0.11842105263157894,0.42857142857142855,0.18556701030927836,0.28125,0.6432634487241996,0.15087053527158906,226,67,12,9,76,0.24203821656050956,False,validation_f2
logistic_regression_pca_baseline,logistic_regression_pca,0.125,0.7515923566878981,0.6016577279375914,0.7747440273037542,0.12,0.42857142857142855,0.1875,0.2830188679245283,0.6432634487241996,0.15087053527158906,227,66,12,9,75,0.23885350318471338,False,validation_f2
logistic_regression_pca_baseline,logistic_regression_pca,0.13,0.7547770700636943,0.6033642125792297,0.7781569965870307,0.12162162162162163,0.42857142857142855,0.18947368421052632,0.2848101265822785,0.6432634487241996,0.15087053527158906,228,65,12,9,74,0.2356687898089172,False,validation_f2
logistic_regression_pca_baseline,logistic_regression_pca,0.135,0.7547770700636943,0.6033642125792297,0.7781569965870307,0.12162162162162163,0.42857142857142855,0.18947368421052632,0.2848101265822785,0.6432634487241996,0.15087053527158906,228,65,12,9,74,0.2356687898089172,False,validation_f2
logistic_regression_pca_baseline,logistic_regression_pca,0.14,0.7579617834394905,0.6050706972208678,0.7815699658703071,0.1232876712328767,0.42857142857142855,0.19148936170212766,0.28662420382165604,0.6432634487241996,0.15087053527158906,229,64,12,9,73,0.23248407643312102,False,validation_f2
logistic_regression_pca_baseline,logistic_regression_pca,0.145,0.7579617834394905,0.6050706972208678,0.7815699658703071,0.1232876712328767,0.42857142857142855,0.19148936170212766,0.28662420382165604,0.6432634487241996,0.15087053527158906,229,64,12,9,73,0.23248407643312102,False,validation_f2
logistic_regression_pca_baseline,logistic_regression_pca,0.15,0.7579617834394905,0.6050706972208678,0.7815699658703071,0.1232876712328767,0.42857142857142855,0.19148936170212766,0.28662420382165604,0.6432634487241996,0.15087053527158906,229,64,12,9,73,0.23248407643312102,False,validation_f2
logistic_regression_pca_baseline,logistic_regression_pca,0.155,0.7643312101910829,0.6084836665041443,0.78839590443686,0.1267605633802817,0.42857142857142855,0.1956521739130435,0.2903225806451613,0.6432634487241996,0.15087053527158906,231,62,12,9,71,0.22611464968152867,False,validation_f2
logistic_regression_pca_baseline,logistic_regression_pca,0.16,0.7611464968152867,0.5846741426946205,0.78839590443686,0.11428571428571428,0.38095238095238093,0.17582417582417584,0.2597402597402597,0.6432634487241996,0.15087053527158906,231,62,13,8,70,0.2229299363057325,False,validation_f2
logistic_regression_pca_baseline,logistic_regression_pca,0.165,0.7611464968152867,0.5846741426946205,0.78839590443686,0.11428571428571428,0.38095238095238093,0.17582417582417584,0.2597402597402597,0.6432634487241996,0.15087053527158906,231,62,13,8,70,0.2229299363057325,False,validation_f2
logistic_regression_pca_baseline,logistic_regression_pca,0.17,0.767515923566879,0.588087111977897,0.7952218430034129,0.11764705882352941,0.38095238095238093,0.1797752808988764,0.2631578947368421,0.6432634487241996,0.15087053527158906,233,60,13,8,68,0.21656050955414013,False,validation_f2
logistic_regression_pca_baseline,logistic_regression_pca,0.175,0.767515923566879,0.588087111977897,0.7952218430034129,0.11764705882352941,0.38095238095238093,0.1797752808988764,0.2631578947368421,0.6432634487241996,0.15087053527158906,233,60,13,8,68,0.21656050955414013,False,validation_f2
logistic_regression_pca_baseline,logistic_regression_pca,0.18,0.7707006369426752,0.5897935966195351,0.7986348122866894,0.11940298507462686,0.38095238095238093,0.18181818181818182,0.26490066225165565,0.6432634487241996,0.15087053527158906,234,59,13,8,67,0.21337579617834396,False,validation_f2
logistic_regression_pca_baseline,logistic_regression_pca,0.185,0.7770700636942676,0.5932065659028116,0.8054607508532423,0.12307692307692308,0.38095238095238093,0.18604651162790697,0.2684563758389262,0.6432634487241996,0.15087053527158906,236,57,13,8,65,0.2070063694267516,False,validation_f2
logistic_regression_pca_baseline,logistic_regression_pca,0.19,0.7770700636942676,0.5932065659028116,0.8054607508532423,0.12307692307692308,0.38095238095238093,0.18604651162790697,0.2684563758389262,0.6432634487241996,0.15087053527158906,236,57,13,8,65,0.2070063694267516,False,validation_f2
logistic_regression_pca_baseline,logistic_regression_pca,0.195,0.7834394904458599,0.5966195351860881,0.8122866894197952,0.12698412698412698,0.38095238095238093,0.19047619047619047,0.272108843537415,0.6432634487241996,0.15087053527158906,238,55,13,8,63,0.20063694267515925,False,validation_f2
logistic_regression_pca_baseline,logistic_regression_pca,0.2,0.7834394904458599,0.5966195351860881,0.8122866894197952,0.12698412698412698,0.38095238095238093,0.19047619047619047,0.272108843537415,0.6432634487241996,0.15087053527158906,238,55,13,8,63,0.20063694267515925,False,validation_f2
logistic_regression_pca_baseline,logistic_regression_pca,0.205,0.7866242038216561,0.5983260198277263,0.8156996587030717,0.12903225806451613,0.38095238095238093,0.1927710843373494,0.273972602739726,0.6432634487241996,0.15087053527158906,239,54,13,8,62,0.19745222929936307,False,validation_f2
logistic_regression_pca_baseline,logistic_regression_pca,0.21,0.7929936305732485,0.6017389891110028,0.8225255972696246,0.13333333333333333,0.38095238095238093,0.19753086419753085,0.2777777777777778,0.6432634487241996,0.15087053527158906,241,52,13,8,60,0.1910828025477707,False,validation_f2
logistic_regression_pca_baseline,logistic_regression_pca,0.215,0.7961783439490446,0.6034454737526409,0.825938566552901,0.13559322033898305,0.38095238095238093,0.2,0.27972027972027974,0.6432634487241996,0.15087053527158906,242,51,13,8,59,0.18789808917197454,False,validation_f2
logistic_regression_pca_baseline,logistic_regression_pca,0.22,0.7961783439490446,0.6034454737526409,0.825938566552901,0.13559322033898305,0.38095238095238093,0.2,0.27972027972027974,0.6432634487241996,0.15087053527158906,242,51,13,8,59,0.18789808917197454,False,validation_f2
logistic_regression_pca_baseline,logistic_regression_pca,0.225,0.7961783439490446,0.6034454737526409,0.825938566552901,0.13559322033898305,0.38095238095238093,0.2,0.27972027972027974,0.6432634487241996,0.15087053527158906,242,51,13,8,59,0.18789808917197454,False,validation_f2
logistic_regression_pca_baseline,logistic_regression_pca,0.23,0.7961783439490446,0.6034454737526409,0.825938566552901,0.13559322033898305,0.38095238095238093,0.2,0.27972027972027974,0.6432634487241996,0.15087053527158906,242,51,13,8,59,0.18789808917197454,False,validation_f2
logistic_regression_pca_baseline,logistic_regression_pca,0.235,0.7993630573248408,0.6051519583942793,0.8293515358361775,0.13793103448275862,0.38095238095238093,0.20253164556962025,0.28169014084507044,0.6432634487241996,0.15087053527158906,243,50,13,8,58,0.18471337579617833,False,validation_f2
logistic_regression_pca_baseline,logistic_regression_pca,0.24,0.802547770700637,0.6068584430359174,0.8327645051194539,0.14035087719298245,0.38095238095238093,0.20512820512820512,0.28368794326241137,0.6432634487241996,0.15087053527158906,244,49,13,8,57,0.18152866242038215,False,validation_f2
logistic_regression_pca_baseline,logistic_regression_pca,0.245,0.802547770700637,0.6068584430359174,0.8327645051194539,0.14035087719298245,0.38095238095238093,0.20512820512820512,0.28368794326241137,0.6432634487241996,0.15087053527158906,244,49,13,8,57,0.18152866242038215,False,validation_f2
logistic_regression_pca_baseline,logistic_regression_pca,0.25,0.802547770700637,0.6068584430359174,0.8327645051194539,0.14035087719298245,0.38095238095238093,0.20512820512820512,0.28368794326241137,0.6432634487241996,0.15087053527158906,244,49,13,8,57,0.18152866242038215,False,validation_f2
logistic_regression_pca_baseline,logistic_regression_pca,0.255,0.8089171974522293,0.6102714123191939,0.8395904436860068,0.14545454545454545,0.38095238095238093,0.21052631578947367,0.28776978417266186,0.6432634487241996,0.15087053527158906,246,47,13,8,55,0.1751592356687898,False,validation_f2
logistic_regression_pca_baseline,logistic_regression_pca,0.26,0.8121019108280255,0.611977896960832,0.8430034129692833,0.14814814814814814,0.38095238095238093,0.21333333333333335,0.2898550724637681,0.6432634487241996,0.15087053527158906,247,46,13,8,54,0.17197452229299362,False,validation_f2
logistic_regression_pca_baseline,logistic_regression_pca,0.265,0.8121019108280255,0.611977896960832,0.8430034129692833,0.14814814814814814,0.38095238095238093,0.21333333333333335,0.2898550724637681,0.6432634487241996,0.15087053527158906,247,46,13,8,54,0.17197452229299362,False,validation_f2
logistic_regression_pca_baseline,logistic_regression_pca,0.27,0.8121019108280255,0.611977896960832,0.8430034129692833,0.14814814814814814,0.38095238095238093,0.21333333333333335,0.2898550724637681,0.6432634487241996,0.15087053527158906,247,46,13,8,54,0.17197452229299362,False,validation_f2
logistic_regression_pca_baseline,logistic_regression_pca,0.275,0.8121019108280255,0.611977896960832,0.8430034129692833,0.14814814814814814,0.38095238095238093,0.21333333333333335,0.2898550724637681,0.6432634487241996,0.15087053527158906,247,46,13,8,54,0.17197452229299362,False,validation_f2
logistic_regression_pca_baseline,logistic_regression_pca,0.28,0.821656050955414,0.6170973508857468,0.8532423208191127,0.1568627450980392,0.38095238095238093,0.2222222222222222,0.2962962962962963,0.6432634487241996,0.15087053527158906,250,43,13,8,51,0.1624203821656051,False,validation_f2
logistic_regression_pca_baseline,logistic_regression_pca,0.285,0.821656050955414,0.6170973508857468,0.8532423208191127,0.1568627450980392,0.38095238095238093,0.2222222222222222,0.2962962962962963,0.6432634487241996,0.15087053527158906,250,43,13,8,51,0.1624203821656051,False,validation_f2
logistic_regression_pca_baseline,logistic_regression_pca,0.29,0.821656050955414,0.6170973508857468,0.8532423208191127,0.1568627450980392,0.38095238095238093,0.2222222222222222,0.2962962962962963,0.6432634487241996,0.15087053527158906,250,43,13,8,51,0.1624203821656051,False,validation_f2
logistic_regression_pca_baseline,logistic_regression_pca,0.295,0.821656050955414,0.6170973508857468,0.8532423208191127,0.1568627450980392,0.38095238095238093,0.2222222222222222,0.2962962962962963,0.6432634487241996,0.15087053527158906,250,43,13,8,51,0.1624203821656051,False,validation_f2
logistic_regression_pca_baseline,logistic_regression_pca,0.3,0.8248407643312102,0.618803835527385,0.856655290102389,0.16,0.38095238095238093,0.22535211267605634,0.29850746268656714,0.6432634487241996,0.15087053527158906,251,42,13,8,50,0.1592356687898089,False,validation_f2
logistic_regression_pca_baseline,logistic_regression_pca,0.305,0.8280254777070064,0.6205103201690232,0.8600682593856656,0.16326530612244897,0.38095238095238093,0.22857142857142856,0.3007518796992481,0.6432634487241996,0.15087053527158906,252,41,13,8,49,0.15605095541401273,True,validation_f2
logistic_regression_pca_baseline,logistic_regression_pca,0.31,0.8280254777070064,0.5984072810011376,0.863481228668942,0.14893617021276595,0.3333333333333333,0.20588235294117646,0.26717557251908397,0.6432634487241996,0.15087053527158906,253,40,14,7,47,0.14968152866242038,False,validation_f2
logistic_regression_pca_baseline,logistic_regression_pca,0.315,0.8280254777070064,0.5984072810011376,0.863481228668942,0.14893617021276595,0.3333333333333333,0.20588235294117646,0.26717557251908397,0.6432634487241996,0.15087053527158906,253,40,14,7,47,0.14968152866242038,False,validation_f2
logistic_regression_pca_baseline,logistic_regression_pca,0.32,0.8280254777070064,0.5984072810011376,0.863481228668942,0.14893617021276595,0.3333333333333333,0.20588235294117646,0.26717557251908397,0.6432634487241996,0.15087053527158906,253,40,14,7,47,0.14968152866242038,False,validation_f2
logistic_regression_pca_baseline,logistic_regression_pca,0.325,0.8280254777070064,0.5984072810011376,0.863481228668942,0.14893617021276595,0.3333333333333333,0.20588235294117646,0.26717557251908397,0.6432634487241996,0.15087053527158906,253,40,14,7,47,0.14968152866242038,False,validation_f2
logistic_regression_pca_baseline,logistic_regression_pca,0.33,0.8280254777070064,0.5984072810011376,0.863481228668942,0.14893617021276595,0.3333333333333333,0.20588235294117646,0.26717557251908397,0.6432634487241996,0.15087053527158906,253,40,14,7,47,0.14968152866242038,False,validation_f2
logistic_regression_pca_baseline,logistic_regression_pca,0.335,0.8280254777070064,0.5984072810011376,0.863481228668942,0.14893617021276595,0.3333333333333333,0.20588235294117646,0.26717557251908397,0.6432634487241996,0.15087053527158906,253,40,14,7,47,0.14968152866242038,False,validation_f2
logistic_regression_pca_baseline,logistic_regression_pca,0.34,0.8280254777070064,0.5984072810011376,0.863481228668942,0.14893617021276595,0.3333333333333333,0.20588235294117646,0.26717557251908397,0.6432634487241996,0.15087053527158906,253,40,14,7,47,0.14968152866242038,False,validation_f2
logistic_regression_pca_baseline,logistic_regression_pca,0.345,0.8280254777070064,0.5984072810011376,0.863481228668942,0.14893617021276595,0.3333333333333333,0.20588235294117646,0.26717557251908397,0.6432634487241996,0.15087053527158906,253,40,14,7,47,0.14968152866242038,False,validation_f2
logistic_regression_pca_baseline,logistic_regression_pca,0.35,0.8280254777070064,0.5984072810011376,0.863481228668942,0.14893617021276595,0.3333333333333333,0.20588235294117646,0.26717557251908397,0.6432634487241996,0.15087053527158906,253,40,14,7,47,0.14968152866242038,False,validation_f2
logistic_regression_pca_baseline,logistic_regression_pca,0.355,0.8280254777070064,0.5984072810011376,0.863481228668942,0.14893617021276595,0.3333333333333333,0.20588235294117646,0.26717557251908397,0.6432634487241996,0.15087053527158906,253,40,14,7,47,0.14968152866242038,False,validation_f2
logistic_regression_pca_baseline,logistic_regression_pca,0.36,0.8280254777070064,0.5984072810011376,0.863481228668942,0.14893617021276595,0.3333333333333333,0.20588235294117646,0.26717557251908397,0.6432634487241996,0.15087053527158906,253,40,14,7,47,0.14968152866242038,False,validation_f2
logistic_regression_pca_baseline,logistic_regression_pca,0.365,0.8312101910828026,0.6001137656427759,0.8668941979522184,0.15217391304347827,0.3333333333333333,0.208955223880597,0.2692307692307692,0.6432634487241996,0.15087053527158906,254,39,14,7,46,0.1464968152866242,False,validation_f2
logistic_regression_pca_baseline,logistic_regression_pca,0.37,0.8312101910828026,0.6001137656427759,0.8668941979522184,0.15217391304347827,0.3333333333333333,0.208955223880597,0.2692307692307692,0.6432634487241996,0.15087053527158906,254,39,14,7,46,0.1464968152866242,False,validation_f2
logistic_regression_pca_baseline,logistic_regression_pca,0.375,0.8312101910828026,0.6001137656427759,0.8668941979522184,0.15217391304347827,0.3333333333333333,0.208955223880597,0.2692307692307692,0.6432634487241996,0.15087053527158906,254,39,14,7,46,0.1464968152866242,False,validation_f2
logistic_regression_pca_baseline,logistic_regression_pca,0.38,0.8312101910828026,0.6001137656427759,0.8668941979522184,0.15217391304347827,0.3333333333333333,0.208955223880597,0.2692307692307692,0.6432634487241996,0.15087053527158906,254,39,14,7,46,0.1464968152866242,False,validation_f2
logistic_regression_pca_baseline,logistic_regression_pca,0.385,0.8312101910828026,0.6001137656427759,0.8668941979522184,0.15217391304347827,0.3333333333333333,0.208955223880597,0.2692307692307692,0.6432634487241996,0.15087053527158906,254,39,14,7,46,0.1464968152866242,False,validation_f2
logistic_regression_pca_baseline,logistic_regression_pca,0.39,0.8312101910828026,0.6001137656427759,0.8668941979522184,0.15217391304347827,0.3333333333333333,0.208955223880597,0.2692307692307692,0.6432634487241996,0.15087053527158906,254,39,14,7,46,0.1464968152866242,False,validation_f2
logistic_regression_pca_baseline,logistic_regression_pca,0.395,0.8312101910828026,0.6001137656427759,0.8668941979522184,0.15217391304347827,0.3333333333333333,0.208955223880597,0.2692307692307692,0.6432634487241996,0.15087053527158906,254,39,14,7,46,0.1464968152866242,False,validation_f2
logistic_regression_pca_baseline,logistic_regression_pca,0.4,0.8312101910828026,0.6001137656427759,0.8668941979522184,0.15217391304347827,0.3333333333333333,0.208955223880597,0.2692307692307692,0.6432634487241996,0.15087053527158906,254,39,14,7,46,0.1464968152866242,False,validation_f2
logistic_regression_pca_baseline,logistic_regression_pca,0.405,0.8312101910828026,0.6001137656427759,0.8668941979522184,0.15217391304347827,0.3333333333333333,0.208955223880597,0.2692307692307692,0.6432634487241996,0.15087053527158906,254,39,14,7,46,0.1464968152866242,False,validation_f2
logistic_regression_pca_baseline,logistic_regression_pca,0.41,0.8312101910828026,0.6001137656427759,0.8668941979522184,0.15217391304347827,0.3333333333333333,0.208955223880597,0.2692307692307692,0.6432634487241996,0.15087053527158906,254,39,14,7,46,0.1464968152866242,False,validation_f2
logistic_regression_pca_baseline,logistic_regression_pca,0.415,0.8312101910828026,0.6001137656427759,0.8668941979522184,0.15217391304347827,0.3333333333333333,0.208955223880597,0.2692307692307692,0.6432634487241996,0.15087053527158906,254,39,14,7,46,0.1464968152866242,False,validation_f2
logistic_regression_pca_baseline,logistic_regression_pca,0.42,0.8312101910828026,0.6001137656427759,0.8668941979522184,0.15217391304347827,0.3333333333333333,0.208955223880597,0.2692307692307692,0.6432634487241996,0.15087053527158906,254,39,14,7,46,0.1464968152866242,False,validation_f2
logistic_regression_pca_baseline,logistic_regression_pca,0.425,0.8312101910828026,0.6001137656427759,0.8668941979522184,0.15217391304347827,0.3333333333333333,0.208955223880597,0.2692307692307692,0.6432634487241996,0.15087053527158906,254,39,14,7,46,0.1464968152866242,False,validation_f2
logistic_regression_pca_baseline,logistic_regression_pca,0.43,0.8312101910828026,0.6001137656427759,0.8668941979522184,0.15217391304347827,0.3333333333333333,0.208955223880597,0.2692307692307692,0.6432634487241996,0.15087053527158906,254,39,14,7,46,0.1464968152866242,False,validation_f2
logistic_regression_pca_baseline,logistic_regression_pca,0.435,0.8312101910828026,0.6001137656427759,0.8668941979522184,0.15217391304347827,0.3333333333333333,0.208955223880597,0.2692307692307692,0.6432634487241996,0.15087053527158906,254,39,14,7,46,0.1464968152866242,False,validation_f2
logistic_regression_pca_baseline,logistic_regression_pca,0.44,0.8312101910828026,0.6001137656427759,0.8668941979522184,0.15217391304347827,0.3333333333333333,0.208955223880597,0.2692307692307692,0.6432634487241996,0.15087053527158906,254,39,14,7,46,0.1464968152866242,False,validation_f2
logistic_regression_pca_baseline,logistic_regression_pca,0.445,0.8312101910828026,0.6001137656427759,0.8668941979522184,0.15217391304347827,0.3333333333333333,0.208955223880597,0.2692307692307692,0.6432634487241996,0.15087053527158906,254,39,14,7,46,0.1464968152866242,False,validation_f2
logistic_regression_pca_baseline,logistic_regression_pca,0.45,0.8312101910828026,0.6001137656427759,0.8668941979522184,0.15217391304347827,0.3333333333333333,0.208955223880597,0.2692307692307692,0.6432634487241996,0.15087053527158906,254,39,14,7,46,0.1464968152866242,False,validation_f2
logistic_regression_pca_baseline,logistic_regression_pca,0.455,0.8312101910828026,0.6001137656427759,0.8668941979522184,0.15217391304347827,0.3333333333333333,0.208955223880597,0.2692307692307692,0.6432634487241996,0.15087053527158906,254,39,14,7,46,0.1464968152866242,False,validation_f2
logistic_regression_pca_baseline,logistic_regression_pca,0.46,0.8312101910828026,0.6001137656427759,0.8668941979522184,0.15217391304347827,0.3333333333333333,0.208955223880597,0.2692307692307692,0.6432634487241996,0.15087053527158906,254,39,14,7,46,0.1464968152866242,False,validation_f2
logistic_regression_pca_baseline,logistic_regression_pca,0.465,0.8312101910828026,0.6001137656427759,0.8668941979522184,0.15217391304347827,0.3333333333333333,0.208955223880597,0.2692307692307692,0.6432634487241996,0.15087053527158906,254,39,14,7,46,0.1464968152866242,False,validation_f2
logistic_regression_pca_baseline,logistic_regression_pca,0.47,0.8343949044585988,0.6018202502844141,0.8703071672354948,0.15555555555555556,0.3333333333333333,0.21212121212121213,0.2713178294573643,0.6432634487241996,0.15087053527158906,255,38,14,7,45,0.14331210191082802,False,validation_f2
logistic_regression_pca_baseline,logistic_regression_pca,0.475,0.8343949044585988,0.6018202502844141,0.8703071672354948,0.15555555555555556,0.3333333333333333,0.21212121212121213,0.2713178294573643,0.6432634487241996,0.15087053527158906,255,38,14,7,45,0.14331210191082802,False,validation_f2
logistic_regression_pca_baseline,logistic_regression_pca,0.48,0.8343949044585988,0.6018202502844141,0.8703071672354948,0.15555555555555556,0.3333333333333333,0.21212121212121213,0.2713178294573643,0.6432634487241996,0.15087053527158906,255,38,14,7,45,0.14331210191082802,False,validation_f2
logistic_regression_pca_baseline,logistic_regression_pca,0.485,0.8343949044585988,0.6018202502844141,0.8703071672354948,0.15555555555555556,0.3333333333333333,0.21212121212121213,0.2713178294573643,0.6432634487241996,0.15087053527158906,255,38,14,7,45,0.14331210191082802,False,validation_f2
logistic_regression_pca_baseline,logistic_regression_pca,0.49,0.8343949044585988,0.6018202502844141,0.8703071672354948,0.15555555555555556,0.3333333333333333,0.21212121212121213,0.2713178294573643,0.6432634487241996,0.15087053527158906,255,38,14,7,45,0.14331210191082802,False,validation_f2
logistic_regression_pca_baseline,logistic_regression_pca,0.495,0.8375796178343949,0.6035267349260524,0.8737201365187713,0.1590909090909091,0.3333333333333333,0.2153846153846154,0.2734375,0.6432634487241996,0.15087053527158906,256,37,14,7,44,0.14012738853503184,False,validation_f2
logistic_regression_pca_baseline,logistic_regression_pca,0.5,0.8375796178343949,0.6035267349260524,0.8737201365187713,0.1590909090909091,0.3333333333333333,0.2153846153846154,0.2734375,0.6432634487241996,0.15087053527158906,256,37,14,7,44,0.14012738853503184,False,validation_f2
logistic_regression_pca_baseline,logistic_regression_pca,0.505,0.8375796178343949,0.6035267349260524,0.8737201365187713,0.1590909090909091,0.3333333333333333,0.2153846153846154,0.2734375,0.6432634487241996,0.15087053527158906,256,37,14,7,44,0.14012738853503184,False,validation_f2
logistic_regression_pca_baseline,logistic_regression_pca,0.51,0.8375796178343949,0.6035267349260524,0.8737201365187713,0.1590909090909091,0.3333333333333333,0.2153846153846154,0.2734375,0.6432634487241996,0.15087053527158906,256,37,14,7,44,0.14012738853503184,False,validation_f2
logistic_regression_pca_baseline,logistic_regression_pca,0.515,0.8375796178343949,0.6035267349260524,0.8737201365187713,0.1590909090909091,0.3333333333333333,0.2153846153846154,0.2734375,0.6432634487241996,0.15087053527158906,256,37,14,7,44,0.14012738853503184,False,validation_f2
logistic_regression_pca_baseline,logistic_regression_pca,0.52,0.8407643312101911,0.6052332195676905,0.8771331058020477,0.16279069767441862,0.3333333333333333,0.21875,0.2755905511811024,0.6432634487241996,0.15087053527158906,257,36,14,7,43,0.13694267515923567,False,validation_f2
logistic_regression_pca_baseline,logistic_regression_pca,0.525,0.8407643312101911,0.6052332195676905,0.8771331058020477,0.16279069767441862,0.3333333333333333,0.21875,0.2755905511811024,0.6432634487241996,0.15087053527158906,257,36,14,7,43,0.13694267515923567,False,validation_f2
logistic_regression_pca_baseline,logistic_regression_pca,0.53,0.8407643312101911,0.6052332195676905,0.8771331058020477,0.16279069767441862,0.3333333333333333,0.21875,0.2755905511811024,0.6432634487241996,0.15087053527158906,257,36,14,7,43,0.13694267515923567,False,validation_f2
logistic_regression_pca_baseline,logistic_regression_pca,0.535,0.8439490445859873,0.6069397042093287,0.8805460750853242,0.16666666666666666,0.3333333333333333,0.2222222222222222,0.2777777777777778,0.6432634487241996,0.15087053527158906,258,35,14,7,42,0.1337579617834395,False,validation_f2
logistic_regression_pca_baseline,logistic_regression_pca,0.54,0.8439490445859873,0.6069397042093287,0.8805460750853242,0.16666666666666666,0.3333333333333333,0.2222222222222222,0.2777777777777778,0.6432634487241996,0.15087053527158906,258,35,14,7,42,0.1337579617834395,False,validation_f2
logistic_regression_pca_baseline,logistic_regression_pca,0.545,0.8439490445859873,0.6069397042093287,0.8805460750853242,0.16666666666666666,0.3333333333333333,0.2222222222222222,0.2777777777777778,0.6432634487241996,0.15087053527158906,258,35,14,7,42,0.1337579617834395,False,validation_f2
logistic_regression_pca_baseline,logistic_regression_pca,0.55,0.8439490445859873,0.6069397042093287,0.8805460750853242,0.16666666666666666,0.3333333333333333,0.2222222222222222,0.2777777777777778,0.6432634487241996,0.15087053527158906,258,35,14,7,42,0.1337579617834395,False,validation_f2
logistic_regression_pca_baseline,logistic_regression_pca,0.555,0.8439490445859873,0.6069397042093287,0.8805460750853242,0.16666666666666666,0.3333333333333333,0.2222222222222222,0.2777777777777778,0.6432634487241996,0.15087053527158906,258,35,14,7,42,0.1337579617834395,False,validation_f2
logistic_regression_pca_baseline,logistic_regression_pca,0.56,0.8503184713375797,0.6103526734926052,0.8873720136518771,0.175,0.3333333333333333,0.22950819672131148,0.28225806451612906,0.6432634487241996,0.15087053527158906,260,33,14,7,40,0.12738853503184713,False,validation_f2
logistic_regression_pca_baseline,logistic_regression_pca,0.565,0.8503184713375797,0.6103526734926052,0.8873720136518771,0.175,0.3333333333333333,0.22950819672131148,0.28225806451612906,0.6432634487241996,0.15087053527158906,260,33,14,7,40,0.12738853503184713,False,validation_f2
logistic_regression_pca_baseline,logistic_regression_pca,0.57,0.8503184713375797,0.6103526734926052,0.8873720136518771,0.175,0.3333333333333333,0.22950819672131148,0.28225806451612906,0.6432634487241996,0.15087053527158906,260,33,14,7,40,0.12738853503184713,False,validation_f2
logistic_regression_pca_baseline,logistic_regression_pca,0.575,0.8503184713375797,0.6103526734926052,0.8873720136518771,0.175,0.3333333333333333,0.22950819672131148,0.28225806451612906,0.6432634487241996,0.15087053527158906,260,33,14,7,40,0.12738853503184713,False,validation_f2
logistic_regression_pca_baseline,logistic_regression_pca,0.58,0.8503184713375797,0.6103526734926052,0.8873720136518771,0.175,0.3333333333333333,0.22950819672131148,0.28225806451612906,0.6432634487241996,0.15087053527158906,260,33,14,7,40,0.12738853503184713,False,validation_f2
logistic_regression_pca_baseline,logistic_regression_pca,0.585,0.8535031847133758,0.6120591581342435,0.8907849829351536,0.1794871794871795,0.3333333333333333,0.23333333333333334,0.2845528455284553,0.6432634487241996,0.15087053527158906,261,32,14,7,39,0.12420382165605096,False,validation_f2
logistic_regression_pca_baseline,logistic_regression_pca,0.59,0.8535031847133758,0.6120591581342435,0.8907849829351536,0.1794871794871795,0.3333333333333333,0.23333333333333334,0.2845528455284553,0.6432634487241996,0.15087053527158906,261,32,14,7,39,0.12420382165605096,False,validation_f2
logistic_regression_pca_baseline,logistic_regression_pca,0.595,0.856687898089172,0.6137656427758816,0.89419795221843,0.18421052631578946,0.3333333333333333,0.23728813559322035,0.28688524590163933,0.6432634487241996,0.15087053527158906,262,31,14,7,38,0.12101910828025478,False,validation_f2
logistic_regression_pca_baseline,logistic_regression_pca,0.6,0.856687898089172,0.6137656427758816,0.89419795221843,0.18421052631578946,0.3333333333333333,0.23728813559322035,0.28688524590163933,0.6432634487241996,0.15087053527158906,262,31,14,7,38,0.12101910828025478,False,validation_f2
logistic_regression_pca_baseline,logistic_regression_pca,0.605,0.856687898089172,0.6137656427758816,0.89419795221843,0.18421052631578946,0.3333333333333333,0.23728813559322035,0.28688524590163933,0.6432634487241996,0.15087053527158906,262,31,14,7,38,0.12101910828025478,False,validation_f2
logistic_regression_pca_baseline,logistic_regression_pca,0.61,0.856687898089172,0.6137656427758816,0.89419795221843,0.18421052631578946,0.3333333333333333,0.23728813559322035,0.28688524590163933,0.6432634487241996,0.15087053527158906,262,31,14,7,38,0.12101910828025478,False,validation_f2
logistic_regression_pca_baseline,logistic_regression_pca,0.615,0.856687898089172,0.6137656427758816,0.89419795221843,0.18421052631578946,0.3333333333333333,0.23728813559322035,0.28688524590163933,0.6432634487241996,0.15087053527158906,262,31,14,7,38,0.12101910828025478,False,validation_f2
logistic_regression_pca_baseline,logistic_regression_pca,0.62,0.856687898089172,0.6137656427758816,0.89419795221843,0.18421052631578946,0.3333333333333333,0.23728813559322035,0.28688524590163933,0.6432634487241996,0.15087053527158906,262,31,14,7,38,0.12101910828025478,False,validation_f2
logistic_regression_pca_baseline,logistic_regression_pca,0.625,0.856687898089172,0.6137656427758816,0.89419795221843,0.18421052631578946,0.3333333333333333,0.23728813559322035,0.28688524590163933,0.6432634487241996,0.15087053527158906,262,31,14,7,38,0.12101910828025478,False,validation_f2
logistic_regression_pca_baseline,logistic_regression_pca,0.63,0.856687898089172,0.6137656427758816,0.89419795221843,0.18421052631578946,0.3333333333333333,0.23728813559322035,0.28688524590163933,0.6432634487241996,0.15087053527158906,262,31,14,7,38,0.12101910828025478,False,validation_f2
logistic_regression_pca_baseline,logistic_regression_pca,0.635,0.856687898089172,0.6137656427758816,0.89419795221843,0.18421052631578946,0.3333333333333333,0.23728813559322035,0.28688524590163933,0.6432634487241996,0.15087053527158906,262,31,14,7,38,0.12101910828025478,False,validation_f2
logistic_regression_pca_baseline,logistic_regression_pca,0.64,0.856687898089172,0.6137656427758816,0.89419795221843,0.18421052631578946,0.3333333333333333,0.23728813559322035,0.28688524590163933,0.6432634487241996,0.15087053527158906,262,31,14,7,38,0.12101910828025478,False,validation_f2
logistic_regression_pca_baseline,logistic_regression_pca,0.645,0.856687898089172,0.6137656427758816,0.89419795221843,0.18421052631578946,0.3333333333333333,0.23728813559322035,0.28688524590163933,0.6432634487241996,0.15087053527158906,262,31,14,7,38,0.12101910828025478,False,validation_f2
logistic_regression_pca_baseline,logistic_regression_pca,0.65,0.856687898089172,0.6137656427758816,0.89419795221843,0.18421052631578946,0.3333333333333333,0.23728813559322035,0.28688524590163933,0.6432634487241996,0.15087053527158906,262,31,14,7,38,0.12101910828025478,False,validation_f2
logistic_regression_pca_baseline,logistic_regression_pca,0.655,0.8598726114649682,0.6154721274175199,0.8976109215017065,0.1891891891891892,0.3333333333333333,0.2413793103448276,0.2892561983471074,0.6432634487241996,0.15087053527158906,263,30,14,7,37,0.1178343949044586,False,validation_f2
logistic_regression_pca_baseline,logistic_regression_pca,0.66,0.8598726114649682,0.6154721274175199,0.8976109215017065,0.1891891891891892,0.3333333333333333,0.2413793103448276,0.2892561983471074,0.6432634487241996,0.15087053527158906,263,30,14,7,37,0.1178343949044586,False,validation_f2
logistic_regression_pca_baseline,logistic_regression_pca,0.665,0.8598726114649682,0.6154721274175199,0.8976109215017065,0.1891891891891892,0.3333333333333333,0.2413793103448276,0.2892561983471074,0.6432634487241996,0.15087053527158906,263,30,14,7,37,0.1178343949044586,False,validation_f2
logistic_regression_pca_baseline,logistic_regression_pca,0.67,0.8598726114649682,0.6154721274175199,0.8976109215017065,0.1891891891891892,0.3333333333333333,0.2413793103448276,0.2892561983471074,0.6432634487241996,0.15087053527158906,263,30,14,7,37,0.1178343949044586,False,validation_f2
logistic_regression_pca_baseline,logistic_regression_pca,0.675,0.8598726114649682,0.6154721274175199,0.8976109215017065,0.1891891891891892,0.3333333333333333,0.2413793103448276,0.2892561983471074,0.6432634487241996,0.15087053527158906,263,30,14,7,37,0.1178343949044586,False,validation_f2
logistic_regression_pca_baseline,logistic_regression_pca,0.68,0.8598726114649682,0.6154721274175199,0.8976109215017065,0.1891891891891892,0.3333333333333333,0.2413793103448276,0.2892561983471074,0.6432634487241996,0.15087053527158906,263,30,14,7,37,0.1178343949044586,False,validation_f2
logistic_regression_pca_baseline,logistic_regression_pca,0.685,0.8598726114649682,0.6154721274175199,0.8976109215017065,0.1891891891891892,0.3333333333333333,0.2413793103448276,0.2892561983471074,0.6432634487241996,0.15087053527158906,263,30,14,7,37,0.1178343949044586,False,validation_f2
logistic_regression_pca_baseline,logistic_regression_pca,0.69,0.8598726114649682,0.6154721274175199,0.8976109215017065,0.1891891891891892,0.3333333333333333,0.2413793103448276,0.2892561983471074,0.6432634487241996,0.15087053527158906,263,30,14,7,37,0.1178343949044586,False,validation_f2
logistic_regression_pca_baseline,logistic_regression_pca,0.695,0.8598726114649682,0.6154721274175199,0.8976109215017065,0.1891891891891892,0.3333333333333333,0.2413793103448276,0.2892561983471074,0.6432634487241996,0.15087053527158906,263,30,14,7,37,0.1178343949044586,False,validation_f2
logistic_regression_pca_baseline,logistic_regression_pca,0.7,0.856687898089172,0.5916626036079962,0.8976109215017065,0.16666666666666666,0.2857142857142857,0.21052631578947367,0.25,0.6432634487241996,0.15087053527158906,263,30,15,6,36,0.11464968152866242,False,validation_f2
logistic_regression_pca_baseline,logistic_regression_pca,0.705,0.856687898089172,0.5916626036079962,0.8976109215017065,0.16666666666666666,0.2857142857142857,0.21052631578947367,0.25,0.6432634487241996,0.15087053527158906,263,30,15,6,36,0.11464968152866242,False,validation_f2
logistic_regression_pca_baseline,logistic_regression_pca,0.71,0.856687898089172,0.5916626036079962,0.8976109215017065,0.16666666666666666,0.2857142857142857,0.21052631578947367,0.25,0.6432634487241996,0.15087053527158906,263,30,15,6,36,0.11464968152866242,False,validation_f2
logistic_regression_pca_baseline,logistic_regression_pca,0.715,0.856687898089172,0.5916626036079962,0.8976109215017065,0.16666666666666666,0.2857142857142857,0.21052631578947367,0.25,0.6432634487241996,0.15087053527158906,263,30,15,6,36,0.11464968152866242,False,validation_f2
logistic_regression_pca_baseline,logistic_regression_pca,0.72,0.856687898089172,0.5916626036079962,0.8976109215017065,0.16666666666666666,0.2857142857142857,0.21052631578947367,0.25,0.6432634487241996,0.15087053527158906,263,30,15,6,36,0.11464968152866242,False,validation_f2
logistic_regression_pca_baseline,logistic_regression_pca,0.725,0.856687898089172,0.5916626036079962,0.8976109215017065,0.16666666666666666,0.2857142857142857,0.21052631578947367,0.25,0.6432634487241996,0.15087053527158906,263,30,15,6,36,0.11464968152866242,False,validation_f2
logistic_regression_pca_baseline,logistic_regression_pca,0.73,0.8598726114649682,0.5933690882496343,0.9010238907849829,0.17142857142857143,0.2857142857142857,0.21428571428571427,0.25210084033613445,0.6432634487241996,0.15087053527158906,264,29,15,6,35,0.11146496815286625,False,validation_f2
logistic_regression_pca_baseline,logistic_regression_pca,0.735,0.8598726114649682,0.5933690882496343,0.9010238907849829,0.17142857142857143,0.2857142857142857,0.21428571428571427,0.25210084033613445,0.6432634487241996,0.15087053527158906,264,29,15,6,35,0.11146496815286625,False,validation_f2
logistic_regression_pca_baseline,logistic_regression_pca,0.74,0.8630573248407644,0.5950755728912726,0.9044368600682594,0.17647058823529413,0.2857142857142857,0.21818181818181817,0.2542372881355932,0.6432634487241996,0.15087053527158906,265,28,15,6,34,0.10828025477707007,False,validation_f2
logistic_regression_pca_baseline,logistic_regression_pca,0.745,0.8662420382165605,0.5967820575329108,0.9078498293515358,0.18181818181818182,0.2857142857142857,0.2222222222222222,0.2564102564102564,0.6432634487241996,0.15087053527158906,266,27,15,6,33,0.10509554140127389,False,validation_f2
logistic_regression_pca_baseline,logistic_regression_pca,0.75,0.8662420382165605,0.5967820575329108,0.9078498293515358,0.18181818181818182,0.2857142857142857,0.2222222222222222,0.2564102564102564,0.6432634487241996,0.15087053527158906,266,27,15,6,33,0.10509554140127389,False,validation_f2
logistic_regression_pca_baseline,logistic_regression_pca,0.755,0.8662420382165605,0.5967820575329108,0.9078498293515358,0.18181818181818182,0.2857142857142857,0.2222222222222222,0.2564102564102564,0.6432634487241996,0.15087053527158906,266,27,15,6,33,0.10509554140127389,False,validation_f2
logistic_regression_pca_baseline,logistic_regression_pca,0.76,0.8662420382165605,0.5967820575329108,0.9078498293515358,0.18181818181818182,0.2857142857142857,0.2222222222222222,0.2564102564102564,0.6432634487241996,0.15087053527158906,266,27,15,6,33,0.10509554140127389,False,validation_f2
logistic_regression_pca_baseline,logistic_regression_pca,0.765,0.8662420382165605,0.5746790183650252,0.9112627986348123,0.16129032258064516,0.23809523809523808,0.19230769230769232,0.21739130434782608,0.6432634487241996,0.15087053527158906,267,26,16,5,31,0.09872611464968153,False,validation_f2
logistic_regression_pca_baseline,logistic_regression_pca,0.77,0.8662420382165605,0.5746790183650252,0.9112627986348123,0.16129032258064516,0.23809523809523808,0.19230769230769232,0.21739130434782608,0.6432634487241996,0.15087053527158906,267,26,16,5,31,0.09872611464968153,False,validation_f2
logistic_regression_pca_baseline,logistic_regression_pca,0.775,0.8662420382165605,0.5746790183650252,0.9112627986348123,0.16129032258064516,0.23809523809523808,0.19230769230769232,0.21739130434782608,0.6432634487241996,0.15087053527158906,267,26,16,5,31,0.09872611464968153,False,validation_f2
logistic_regression_pca_baseline,logistic_regression_pca,0.78,0.8662420382165605,0.5525759791971396,0.9146757679180887,0.13793103448275862,0.19047619047619047,0.16,0.17699115044247787,0.6432634487241996,0.15087053527158906,268,25,17,4,29,0.09235668789808917,False,validation_f2
logistic_regression_pca_baseline,logistic_regression_pca,0.785,0.8662420382165605,0.5525759791971396,0.9146757679180887,0.13793103448275862,0.19047619047619047,0.16,0.17699115044247787,0.6432634487241996,0.15087053527158906,268,25,17,4,29,0.09235668789808917,False,validation_f2
logistic_regression_pca_baseline,logistic_regression_pca,0.79,0.8694267515923567,0.5542824638387778,0.9180887372013652,0.14285714285714285,0.19047619047619047,0.16326530612244897,0.17857142857142858,0.6432634487241996,0.15087053527158906,269,24,17,4,28,0.08917197452229299,False,validation_f2
logistic_regression_pca_baseline,logistic_regression_pca,0.795,0.8694267515923567,0.5542824638387778,0.9180887372013652,0.14285714285714285,0.19047619047619047,0.16326530612244897,0.17857142857142858,0.6432634487241996,0.15087053527158906,269,24,17,4,28,0.08917197452229299,False,validation_f2
logistic_regression_pca_baseline,logistic_regression_pca,0.8,0.8694267515923567,0.5542824638387778,0.9180887372013652,0.14285714285714285,0.19047619047619047,0.16326530612244897,0.17857142857142858,0.6432634487241996,0.15087053527158906,269,24,17,4,28,0.08917197452229299,False,validation_f2
logistic_regression_pca_baseline,logistic_regression_pca,0.805,0.8694267515923567,0.5542824638387778,0.9180887372013652,0.14285714285714285,0.19047619047619047,0.16326530612244897,0.17857142857142858,0.6432634487241996,0.15087053527158906,269,24,17,4,28,0.08917197452229299,False,validation_f2
logistic_regression_pca_baseline,logistic_regression_pca,0.81,0.8726114649681529,0.5338859093125304,0.9249146757679181,0.12,0.14285714285714285,0.13043478260869565,0.13761467889908258,0.6432634487241996,0.15087053527158906,271,22,18,3,25,0.07961783439490445,False,validation_f2
logistic_regression_pca_baseline,logistic_regression_pca,0.815,0.8726114649681529,0.5338859093125304,0.9249146757679181,0.12,0.14285714285714285,0.13043478260869565,0.13761467889908258,0.6432634487241996,0.15087053527158906,271,22,18,3,25,0.07961783439490445,False,validation_f2
logistic_regression_pca_baseline,logistic_regression_pca,0.82,0.8726114649681529,0.5338859093125304,0.9249146757679181,0.12,0.14285714285714285,0.13043478260869565,0.13761467889908258,0.6432634487241996,0.15087053527158906,271,22,18,3,25,0.07961783439490445,False,validation_f2
logistic_regression_pca_baseline,logistic_regression_pca,0.825,0.8726114649681529,0.5338859093125304,0.9249146757679181,0.12,0.14285714285714285,0.13043478260869565,0.13761467889908258,0.6432634487241996,0.15087053527158906,271,22,18,3,25,0.07961783439490445,False,validation_f2
logistic_regression_pca_baseline,logistic_regression_pca,0.83,0.8726114649681529,0.5338859093125304,0.9249146757679181,0.12,0.14285714285714285,0.13043478260869565,0.13761467889908258,0.6432634487241996,0.15087053527158906,271,22,18,3,25,0.07961783439490445,False,validation_f2
logistic_regression_pca_baseline,logistic_regression_pca,0.835,0.8726114649681529,0.5338859093125304,0.9249146757679181,0.12,0.14285714285714285,0.13043478260869565,0.13761467889908258,0.6432634487241996,0.15087053527158906,271,22,18,3,25,0.07961783439490445,False,validation_f2
logistic_regression_pca_baseline,logistic_regression_pca,0.84,0.8726114649681529,0.5338859093125304,0.9249146757679181,0.12,0.14285714285714285,0.13043478260869565,0.13761467889908258,0.6432634487241996,0.15087053527158906,271,22,18,3,25,0.07961783439490445,False,validation_f2
logistic_regression_pca_baseline,logistic_regression_pca,0.845,0.8726114649681529,0.5338859093125304,0.9249146757679181,0.12,0.14285714285714285,0.13043478260869565,0.13761467889908258,0.6432634487241996,0.15087053527158906,271,22,18,3,25,0.07961783439490445,False,validation_f2
logistic_regression_pca_baseline,logistic_regression_pca,0.85,0.8789808917197452,0.5372988785958069,0.931740614334471,0.13043478260869565,0.14285714285714285,0.13636363636363635,0.14018691588785046,0.6432634487241996,0.15087053527158906,273,20,18,3,23,0.0732484076433121,False,validation_f2
logistic_regression_pca_baseline,logistic_regression_pca,0.855,0.8821656050955414,0.5390053632374452,0.9351535836177475,0.13636363636363635,0.14285714285714285,0.13953488372093023,0.14150943396226415,0.6432634487241996,0.15087053527158906,274,19,18,3,22,0.07006369426751592,False,validation_f2
logistic_regression_pca_baseline,logistic_regression_pca,0.86,0.8821656050955414,0.5390053632374452,0.9351535836177475,0.13636363636363635,0.14285714285714285,0.13953488372093023,0.14150943396226415,0.6432634487241996,0.15087053527158906,274,19,18,3,22,0.07006369426751592,False,validation_f2
logistic_regression_pca_baseline,logistic_regression_pca,0.865,0.8821656050955414,0.5390053632374452,0.9351535836177475,0.13636363636363635,0.14285714285714285,0.13953488372093023,0.14150943396226415,0.6432634487241996,0.15087053527158906,274,19,18,3,22,0.07006369426751592,False,validation_f2
logistic_regression_pca_baseline,logistic_regression_pca,0.87,0.8853503184713376,0.5407118478790833,0.9385665529010239,0.14285714285714285,0.14285714285714285,0.14285714285714285,0.14285714285714285,0.6432634487241996,0.15087053527158906,275,18,18,3,21,0.06687898089171974,False,validation_f2
logistic_regression_pca_baseline,logistic_regression_pca,0.875,0.8853503184713376,0.5407118478790833,0.9385665529010239,0.14285714285714285,0.14285714285714285,0.14285714285714285,0.14285714285714285,0.6432634487241996,0.15087053527158906,275,18,18,3,21,0.06687898089171974,False,validation_f2
logistic_regression_pca_baseline,logistic_regression_pca,0.88,0.8853503184713376,0.5407118478790833,0.9385665529010239,0.14285714285714285,0.14285714285714285,0.14285714285714285,0.14285714285714285,0.6432634487241996,0.15087053527158906,275,18,18,3,21,0.06687898089171974,False,validation_f2
logistic_regression_pca_baseline,logistic_regression_pca,0.885,0.8853503184713376,0.5407118478790833,0.9385665529010239,0.14285714285714285,0.14285714285714285,0.14285714285714285,0.14285714285714285,0.6432634487241996,0.15087053527158906,275,18,18,3,21,0.06687898089171974,False,validation_f2
logistic_regression_pca_baseline,logistic_regression_pca,0.89,0.8853503184713376,0.5407118478790833,0.9385665529010239,0.14285714285714285,0.14285714285714285,0.14285714285714285,0.14285714285714285,0.6432634487241996,0.15087053527158906,275,18,18,3,21,0.06687898089171974,False,validation_f2
logistic_regression_pca_baseline,logistic_regression_pca,0.895,0.8885350318471338,0.5424183325207216,0.9419795221843004,0.15,0.14285714285714285,0.14634146341463414,0.14423076923076922,0.6432634487241996,0.15087053527158906,276,17,18,3,20,0.06369426751592357,False,validation_f2
logistic_regression_pca_baseline,logistic_regression_pca,0.9,0.8885350318471338,0.5424183325207216,0.9419795221843004,0.15,0.14285714285714285,0.14634146341463414,0.14423076923076922,0.6432634487241996,0.15087053527158906,276,17,18,3,20,0.06369426751592357,False,validation_f2
logistic_regression_pca_baseline,logistic_regression_pca,0.905,0.8885350318471338,0.5424183325207216,0.9419795221843004,0.15,0.14285714285714285,0.14634146341463414,0.14423076923076922,0.6432634487241996,0.15087053527158906,276,17,18,3,20,0.06369426751592357,False,validation_f2
logistic_regression_pca_baseline,logistic_regression_pca,0.91,0.8949044585987261,0.5458313018039981,0.9488054607508533,0.16666666666666666,0.14285714285714285,0.15384615384615385,0.14705882352941177,0.6432634487241996,0.15087053527158906,278,15,18,3,18,0.05732484076433121,False,validation_f2
logistic_regression_pca_baseline,logistic_regression_pca,0.915,0.8949044585987261,0.5458313018039981,0.9488054607508533,0.16666666666666666,0.14285714285714285,0.15384615384615385,0.14705882352941177,0.6432634487241996,0.15087053527158906,278,15,18,3,18,0.05732484076433121,False,validation_f2
logistic_regression_pca_baseline,logistic_regression_pca,0.92,0.8949044585987261,0.5458313018039981,0.9488054607508533,0.16666666666666666,0.14285714285714285,0.15384615384615385,0.14705882352941177,0.6432634487241996,0.15087053527158906,278,15,18,3,18,0.05732484076433121,False,validation_f2
logistic_regression_pca_baseline,logistic_regression_pca,0.925,0.8949044585987261,0.5458313018039981,0.9488054607508533,0.16666666666666666,0.14285714285714285,0.15384615384615385,0.14705882352941177,0.6432634487241996,0.15087053527158906,278,15,18,3,18,0.05732484076433121,False,validation_f2
logistic_regression_pca_baseline,logistic_regression_pca,0.93,0.8980891719745223,0.5475377864456362,0.9522184300341296,0.17647058823529413,0.14285714285714285,0.15789473684210525,0.1485148514851485,0.6432634487241996,0.15087053527158906,279,14,18,3,17,0.054140127388535034,False,validation_f2
logistic_regression_pca_baseline,logistic_regression_pca,0.935,0.8980891719745223,0.5475377864456362,0.9522184300341296,0.17647058823529413,0.14285714285714285,0.15789473684210525,0.1485148514851485,0.6432634487241996,0.15087053527158906,279,14,18,3,17,0.054140127388535034,False,validation_f2
logistic_regression_pca_baseline,logistic_regression_pca,0.94,0.8980891719745223,0.5475377864456362,0.9522184300341296,0.17647058823529413,0.14285714285714285,0.15789473684210525,0.1485148514851485,0.6432634487241996,0.15087053527158906,279,14,18,3,17,0.054140127388535034,False,validation_f2
logistic_regression_pca_baseline,logistic_regression_pca,0.945,0.8980891719745223,0.5475377864456362,0.9522184300341296,0.17647058823529413,0.14285714285714285,0.15789473684210525,0.1485148514851485,0.6432634487241996,0.15087053527158906,279,14,18,3,17,0.054140127388535034,False,validation_f2
logistic_regression_pca_baseline,logistic_regression_pca,0.95,0.9012738853503185,0.5492442710872745,0.9556313993174061,0.1875,0.14285714285714285,0.16216216216216217,0.15,0.6432634487241996,0.15087053527158906,280,13,18,3,16,0.050955414012738856,False,validation_f2
rf_default_threshold_050,random_forest,0.05,0.4426751592356688,0.6129530310417682,0.41638225255972694,0.09042553191489362,0.8095238095238095,0.16267942583732056,0.3125,0.6767430521696733,0.14165014678864749,122,171,4,17,188,0.5987261146496815,False,fixed
rf_default_threshold_050,random_forest,0.055,0.47770700636942676,0.6096213229319031,0.45733788395904434,0.09142857142857143,0.7619047619047619,0.16326530612244897,0.3088803088803089,0.6767430521696733,0.14165014678864749,134,159,5,16,175,0.5573248407643312,False,fixed
rf_default_threshold_050,random_forest,0.06,0.5222929936305732,0.6114090687469527,0.5085324232081911,0.09433962264150944,0.7142857142857143,0.16666666666666666,0.30864197530864196,0.6767430521696733,0.14165014678864749,149,144,6,15,159,0.5063694267515924,False,fixed
rf_default_threshold_050,random_forest,0.065,0.5605095541401274,0.6318868844466115,0.5494880546075085,0.10204081632653061,0.7142857142857143,0.17857142857142858,0.3246753246753247,0.6767430521696733,0.14165014678864749,161,132,6,15,147,0.4681528662420382,False,fixed
rf_default_threshold_050,random_forest,0.07,0.5955414012738853,0.6506582155046319,0.5870307167235495,0.11029411764705882,0.7142857142857143,0.1910828025477707,0.3409090909090909,0.6767430521696733,0.14165014678864749,172,121,6,15,136,0.43312101910828027,False,fixed
rf_default_threshold_050,random_forest,0.075,0.6337579617834395,0.649032992036405,0.6313993174061433,0.11475409836065574,0.6666666666666666,0.1958041958041958,0.33980582524271846,0.6767430521696733,0.14165014678864749,185,108,7,14,122,0.3885350318471338,False,fixed
rf_default_threshold_050,random_forest,0.08,0.6592356687898089,0.6626848691695109,0.658703071672355,0.12280701754385964,0.6666666666666666,0.2074074074074074,0.35353535353535354,0.6767430521696733,0.14165014678864749,193,100,7,14,114,0.3630573248407643,False,fixed
rf_default_threshold_050,random_forest,0.085,0.6910828025477707,0.6576466764180076,0.6962457337883959,0.12745098039215685,0.6190476190476191,0.21138211382113822,0.34946236559139787,0.6767430521696733,0.14165014678864749,204,89,8,13,102,0.3248407643312102,False,fixed
rf_default_threshold_050,random_forest,0.09,0.7038216560509554,0.6644726149845603,0.7098976109215017,0.1326530612244898,0.6190476190476191,0.2184873949579832,0.35714285714285715,0.6767430521696733,0.14165014678864749,208,85,8,13,98,0.31210191082802546,False,fixed
rf_default_threshold_050,random_forest,0.095,0.732484076433121,0.6798309767593045,0.7406143344709898,0.14606741573033707,0.6190476190476191,0.23636363636363636,0.37572254335260113,0.6767430521696733,0.14165014678864749,217,76,8,13,89,0.28343949044585987,False,fixed
rf_default_threshold_050,random_forest,0.1,0.7356687898089171,0.659434422233057,0.7474402730375427,0.13953488372093023,0.5714285714285714,0.22429906542056074,0.35294117647058826,0.6767430521696733,0.14165014678864749,219,74,9,12,86,0.27388535031847133,False,fixed
rf_default_threshold_050,random_forest,0.105,0.7579617834394905,0.6713798147245247,0.7713310580204779,0.1518987341772152,0.5714285714285714,0.24,0.36809815950920244,0.6767430521696733,0.14165014678864749,226,67,9,12,79,0.2515923566878981,False,fixed
rf_default_threshold_050,random_forest,0.11,0.7834394904458599,0.6629286526897449,0.8020477815699659,0.15942028985507245,0.5238095238095238,0.24444444444444444,0.35947712418300654,0.6767430521696733,0.14165014678864749,235,58,10,11,69,0.2197452229299363,False,fixed
rf_default_threshold_050,random_forest,0.115,0.7834394904458599,0.5966195351860881,0.8122866894197952,0.12698412698412698,0.38095238095238093,0.19047619047619047,0.272108843537415,0.6767430521696733,0.14165014678864749,238,55,13,8,63,0.20063694267515925,False,fixed
rf_default_threshold_050,random_forest,0.12,0.7929936305732485,0.5796359499431172,0.825938566552901,0.1206896551724138,0.3333333333333333,0.17721518987341772,0.24647887323943662,0.6767430521696733,0.14165014678864749,242,51,14,7,58,0.18471337579617833,False,fixed
rf_default_threshold_050,random_forest,0.125,0.8089171974522293,0.5881683731513083,0.8430034129692833,0.1320754716981132,0.3333333333333333,0.1891891891891892,0.25547445255474455,0.6767430521696733,0.14165014678864749,247,46,14,7,53,0.16878980891719744,False,fixed
rf_default_threshold_050,random_forest,0.13,0.8121019108280255,0.5677718186250609,0.8498293515358362,0.12,0.2857142857142857,0.16901408450704225,0.22388059701492538,0.6767430521696733,0.14165014678864749,249,44,15,6,50,0.1592356687898089,False,fixed
rf_default_threshold_050,random_forest,0.135,0.8184713375796179,0.5490817487404518,0.8600682593856656,0.10869565217391304,0.23809523809523808,0.14925373134328357,0.19230769230769232,0.6767430521696733,0.14165014678864749,252,41,16,5,46,0.1464968152866242,False,fixed
rf_default_threshold_050,random_forest,0.14,0.8407643312101911,0.5610271412319194,0.8839590443686007,0.1282051282051282,0.23809523809523808,0.16666666666666666,0.2032520325203252,0.6767430521696733,0.14165014678864749,259,34,16,5,39,0.12420382165605096,False,fixed
rf_default_threshold_050,random_forest,0.145,0.8471337579617835,0.5644401105151958,0.8907849829351536,0.13513513513513514,0.23809523809523808,0.1724137931034483,0.2066115702479339,0.6767430521696733,0.14165014678864749,261,32,16,5,37,0.1178343949044586,False,fixed
rf_default_threshold_050,random_forest,0.15,0.8503184713375797,0.5440435559889485,0.8976109215017065,0.11764705882352941,0.19047619047619047,0.14545454545454545,0.1694915254237288,0.6767430521696733,0.14165014678864749,263,30,17,4,34,0.10828025477707007,False,fixed
rf_default_threshold_050,random_forest,0.155,0.8598726114649682,0.5491630099138631,0.9078498293515358,0.12903225806451613,0.19047619047619047,0.15384615384615385,0.17391304347826086,0.6767430521696733,0.14165014678864749,266,27,17,4,31,0.09872611464968153,False,fixed
rf_default_threshold_050,random_forest,0.16,0.8662420382165605,0.5525759791971396,0.9146757679180887,0.13793103448275862,0.19047619047619047,0.16,0.17699115044247787,0.6767430521696733,0.14165014678864749,268,25,17,4,29,0.09235668789808917,False,fixed
rf_default_threshold_050,random_forest,0.165,0.8757961783439491,0.5576954331220543,0.9249146757679181,0.15384615384615385,0.19047619047619047,0.1702127659574468,0.18181818181818182,0.6767430521696733,0.14165014678864749,271,22,17,4,26,0.08280254777070063,False,fixed
rf_default_threshold_050,random_forest,0.17,0.8789808917197452,0.5594019177636925,0.9283276450511946,0.16,0.19047619047619047,0.17391304347826086,0.1834862385321101,0.6767430521696733,0.14165014678864749,272,21,17,4,25,0.07961783439490445,False,fixed
rf_default_threshold_050,random_forest,0.175,0.8821656050955414,0.5611084024053308,0.931740614334471,0.16666666666666666,0.19047619047619047,0.17777777777777778,0.18518518518518517,0.6767430521696733,0.14165014678864749,273,20,17,4,24,0.07643312101910828,False,fixed
rf_default_threshold_050,random_forest,0.18,0.8853503184713376,0.5628148870469689,0.9351535836177475,0.17391304347826086,0.19047619047619047,0.18181818181818182,0.18691588785046728,0.6767430521696733,0.14165014678864749,274,19,17,4,23,0.0732484076433121,False,fixed
rf_default_threshold_050,random_forest,0.185,0.8885350318471338,0.5645213716886072,0.9385665529010239,0.18181818181818182,0.19047619047619047,0.18604651162790697,0.18867924528301888,0.6767430521696733,0.14165014678864749,275,18,17,4,22,0.07006369426751592,False,fixed
rf_default_threshold_050,random_forest,0.19,0.8949044585987261,0.5679343409718836,0.9453924914675768,0.2,0.19047619047619047,0.1951219512195122,0.19230769230769232,0.6767430521696733,0.14165014678864749,277,16,17,4,20,0.06369426751592357,False,fixed
rf_default_threshold_050,random_forest,0.195,0.8949044585987261,0.5679343409718836,0.9453924914675768,0.2,0.19047619047619047,0.1951219512195122,0.19230769230769232,0.6767430521696733,0.14165014678864749,277,16,17,4,20,0.06369426751592357,False,fixed
rf_default_threshold_050,random_forest,0.2,0.9012738853503185,0.5492442710872745,0.9556313993174061,0.1875,0.14285714285714285,0.16216216216216217,0.15,0.6767430521696733,0.14165014678864749,280,13,18,3,16,0.050955414012738856,False,fixed
rf_default_threshold_050,random_forest,0.205,0.9044585987261147,0.5509507557289127,0.9590443686006825,0.2,0.14285714285714285,0.16666666666666666,0.15151515151515152,0.6767430521696733,0.14165014678864749,281,12,18,3,15,0.04777070063694268,False,fixed
rf_default_threshold_050,random_forest,0.21,0.9044585987261147,0.5509507557289127,0.9590443686006825,0.2,0.14285714285714285,0.16666666666666666,0.15151515151515152,0.6767430521696733,0.14165014678864749,281,12,18,3,15,0.04777070063694268,False,fixed
rf_default_threshold_050,random_forest,0.215,0.9044585987261147,0.5509507557289127,0.9590443686006825,0.2,0.14285714285714285,0.16666666666666666,0.15151515151515152,0.6767430521696733,0.14165014678864749,281,12,18,3,15,0.04777070063694268,False,fixed
rf_default_threshold_050,random_forest,0.22,0.9044585987261147,0.5509507557289127,0.9590443686006825,0.2,0.14285714285714285,0.16666666666666666,0.15151515151515152,0.6767430521696733,0.14165014678864749,281,12,18,3,15,0.04777070063694268,False,fixed
rf_default_threshold_050,random_forest,0.225,0.9012738853503185,0.5050381927515033,0.962457337883959,0.08333333333333333,0.047619047619047616,0.06060606060606061,0.052083333333333336,0.6767430521696733,0.14165014678864749,282,11,20,1,12,0.03821656050955414,False,fixed
rf_default_threshold_050,random_forest,0.23,0.9044585987261147,0.5067446773931416,0.9658703071672355,0.09090909090909091,0.047619047619047616,0.0625,0.05263157894736842,0.6767430521696733,0.14165014678864749,283,10,20,1,11,0.03503184713375796,False,fixed
rf_default_threshold_050,random_forest,0.235,0.9076433121019108,0.5084511620347798,0.9692832764505119,0.1,0.047619047619047616,0.06451612903225806,0.05319148936170213,0.6767430521696733,0.14165014678864749,284,9,20,1,10,0.03184713375796178,False,fixed
rf_default_threshold_050,random_forest,0.24,0.9171974522292994,0.5135706159596944,0.9795221843003413,0.14285714285714285,0.047619047619047616,0.07142857142857142,0.054945054945054944,0.6767430521696733,0.14165014678864749,287,6,20,1,7,0.022292993630573247,False,fixed
rf_default_threshold_050,random_forest,0.245,0.9203821656050956,0.5152771006013327,0.9829351535836177,0.16666666666666666,0.047619047619047616,0.07407407407407407,0.05555555555555555,0.6767430521696733,0.14165014678864749,288,5,20,1,6,0.01910828025477707,False,fixed
rf_default_threshold_050,random_forest,0.25,0.9203821656050956,0.5152771006013327,0.9829351535836177,0.16666666666666666,0.047619047619047616,0.07407407407407407,0.05555555555555555,0.6767430521696733,0.14165014678864749,288,5,20,1,6,0.01910828025477707,False,fixed
rf_default_threshold_050,random_forest,0.255,0.9203821656050956,0.5152771006013327,0.9829351535836177,0.16666666666666666,0.047619047619047616,0.07407407407407407,0.05555555555555555,0.6767430521696733,0.14165014678864749,288,5,20,1,6,0.01910828025477707,False,fixed
rf_default_threshold_050,random_forest,0.26,0.9235668789808917,0.5169835852429709,0.9863481228668942,0.2,0.047619047619047616,0.07692307692307693,0.056179775280898875,0.6767430521696733,0.14165014678864749,289,4,20,1,5,0.01592356687898089,False,fixed
rf_default_threshold_050,random_forest,0.265,0.9235668789808917,0.5169835852429709,0.9863481228668942,0.2,0.047619047619047616,0.07692307692307693,0.056179775280898875,0.6767430521696733,0.14165014678864749,289,4,20,1,5,0.01592356687898089,False,fixed
rf_default_threshold_050,random_forest,0.27,0.9235668789808917,0.5169835852429709,0.9863481228668942,0.2,0.047619047619047616,0.07692307692307693,0.056179775280898875,0.6767430521696733,0.14165014678864749,289,4,20,1,5,0.01592356687898089,False,fixed
rf_default_threshold_050,random_forest,0.275,0.9235668789808917,0.5169835852429709,0.9863481228668942,0.2,0.047619047619047616,0.07692307692307693,0.056179775280898875,0.6767430521696733,0.14165014678864749,289,4,20,1,5,0.01592356687898089,False,fixed
rf_default_threshold_050,random_forest,0.28,0.9235668789808917,0.5169835852429709,0.9863481228668942,0.2,0.047619047619047616,0.07692307692307693,0.056179775280898875,0.6767430521696733,0.14165014678864749,289,4,20,1,5,0.01592356687898089,False,fixed
rf_default_threshold_050,random_forest,0.285,0.9267515923566879,0.5186900698846091,0.9897610921501706,0.25,0.047619047619047616,0.08,0.056818181818181816,0.6767430521696733,0.14165014678864749,290,3,20,1,4,0.012738853503184714,False,fixed
rf_default_threshold_050,random_forest,0.29,0.9267515923566879,0.5186900698846091,0.9897610921501706,0.25,0.047619047619047616,0.08,0.056818181818181816,0.6767430521696733,0.14165014678864749,290,3,20,1,4,0.012738853503184714,False,fixed
rf_default_threshold_050,random_forest,0.295,0.9267515923566879,0.49658703071672355,0.9931740614334471,0.0,0.0,0.0,0.0,0.6767430521696733,0.14165014678864749,291,2,21,0,2,0.006369426751592357,False,fixed
rf_default_threshold_050,random_forest,0.3,0.9267515923566879,0.49658703071672355,0.9931740614334471,0.0,0.0,0.0,0.0,0.6767430521696733,0.14165014678864749,291,2,21,0,2,0.006369426751592357,False,fixed
rf_default_threshold_050,random_forest,0.305,0.9267515923566879,0.49658703071672355,0.9931740614334471,0.0,0.0,0.0,0.0,0.6767430521696733,0.14165014678864749,291,2,21,0,2,0.006369426751592357,False,fixed
rf_default_threshold_050,random_forest,0.31,0.9267515923566879,0.49658703071672355,0.9931740614334471,0.0,0.0,0.0,0.0,0.6767430521696733,0.14165014678864749,291,2,21,0,2,0.006369426751592357,False,fixed
rf_default_threshold_050,random_forest,0.315,0.9267515923566879,0.49658703071672355,0.9931740614334471,0.0,0.0,0.0,0.0,0.6767430521696733,0.14165014678864749,291,2,21,0,2,0.006369426751592357,False,fixed
rf_default_threshold_050,random_forest,0.32,0.9267515923566879,0.49658703071672355,0.9931740614334471,0.0,0.0,0.0,0.0,0.6767430521696733,0.14165014678864749,291,2,21,0,2,0.006369426751592357,False,fixed
rf_default_threshold_050,random_forest,0.325,0.9267515923566879,0.49658703071672355,0.9931740614334471,0.0,0.0,0.0,0.0,0.6767430521696733,0.14165014678864749,291,2,21,0,2,0.006369426751592357,False,fixed
rf_default_threshold_050,random_forest,0.33,0.9267515923566879,0.49658703071672355,0.9931740614334471,0.0,0.0,0.0,0.0,0.6767430521696733,0.14165014678864749,291,2,21,0,2,0.006369426751592357,False,fixed
rf_default_threshold_050,random_forest,0.335,0.9267515923566879,0.49658703071672355,0.9931740614334471,0.0,0.0,0.0,0.0,0.6767430521696733,0.14165014678864749,291,2,21,0,2,0.006369426751592357,False,fixed
rf_default_threshold_050,random_forest,0.34,0.9267515923566879,0.49658703071672355,0.9931740614334471,0.0,0.0,0.0,0.0,0.6767430521696733,0.14165014678864749,291,2,21,0,2,0.006369426751592357,False,fixed
rf_default_threshold_050,random_forest,0.345,0.9299363057324841,0.49829351535836175,0.9965870307167235,0.0,0.0,0.0,0.0,0.6767430521696733,0.14165014678864749,292,1,21,0,1,0.0031847133757961785,False,fixed
rf_default_threshold_050,random_forest,0.35,0.9299363057324841,0.49829351535836175,0.9965870307167235,0.0,0.0,0.0,0.0,0.6767430521696733,0.14165014678864749,292,1,21,0,1,0.0031847133757961785,False,fixed
rf_default_threshold_050,random_forest,0.355,0.9331210191082803,0.5,1.0,0.0,0.0,0.0,0.0,0.6767430521696733,0.14165014678864749,293,0,21,0,0,0.0,False,fixed
rf_default_threshold_050,random_forest,0.36,0.9331210191082803,0.5,1.0,0.0,0.0,0.0,0.0,0.6767430521696733,0.14165014678864749,293,0,21,0,0,0.0,False,fixed
rf_default_threshold_050,random_forest,0.365,0.9331210191082803,0.5,1.0,0.0,0.0,0.0,0.0,0.6767430521696733,0.14165014678864749,293,0,21,0,0,0.0,False,fixed
rf_default_threshold_050,random_forest,0.37,0.9331210191082803,0.5,1.0,0.0,0.0,0.0,0.0,0.6767430521696733,0.14165014678864749,293,0,21,0,0,0.0,False,fixed
rf_default_threshold_050,random_forest,0.375,0.9331210191082803,0.5,1.0,0.0,0.0,0.0,0.0,0.6767430521696733,0.14165014678864749,293,0,21,0,0,0.0,False,fixed
rf_default_threshold_050,random_forest,0.38,0.9331210191082803,0.5,1.0,0.0,0.0,0.0,0.0,0.6767430521696733,0.14165014678864749,293,0,21,0,0,0.0,False,fixed
rf_default_threshold_050,random_forest,0.385,0.9331210191082803,0.5,1.0,0.0,0.0,0.0,0.0,0.6767430521696733,0.14165014678864749,293,0,21,0,0,0.0,False,fixed
rf_default_threshold_050,random_forest,0.39,0.9331210191082803,0.5,1.0,0.0,0.0,0.0,0.0,0.6767430521696733,0.14165014678864749,293,0,21,0,0,0.0,False,fixed
rf_default_threshold_050,random_forest,0.395,0.9331210191082803,0.5,1.0,0.0,0.0,0.0,0.0,0.6767430521696733,0.14165014678864749,293,0,21,0,0,0.0,False,fixed
rf_default_threshold_050,random_forest,0.4,0.9331210191082803,0.5,1.0,0.0,0.0,0.0,0.0,0.6767430521696733,0.14165014678864749,293,0,21,0,0,0.0,False,fixed
rf_default_threshold_050,random_forest,0.405,0.9331210191082803,0.5,1.0,0.0,0.0,0.0,0.0,0.6767430521696733,0.14165014678864749,293,0,21,0,0,0.0,False,fixed
rf_default_threshold_050,random_forest,0.41,0.9331210191082803,0.5,1.0,0.0,0.0,0.0,0.0,0.6767430521696733,0.14165014678864749,293,0,21,0,0,0.0,False,fixed
rf_default_threshold_050,random_forest,0.415,0.9331210191082803,0.5,1.0,0.0,0.0,0.0,0.0,0.6767430521696733,0.14165014678864749,293,0,21,0,0,0.0,False,fixed
rf_default_threshold_050,random_forest,0.42,0.9331210191082803,0.5,1.0,0.0,0.0,0.0,0.0,0.6767430521696733,0.14165014678864749,293,0,21,0,0,0.0,False,fixed
rf_default_threshold_050,random_forest,0.425,0.9331210191082803,0.5,1.0,0.0,0.0,0.0,0.0,0.6767430521696733,0.14165014678864749,293,0,21,0,0,0.0,False,fixed
rf_default_threshold_050,random_forest,0.43,0.9331210191082803,0.5,1.0,0.0,0.0,0.0,0.0,0.6767430521696733,0.14165014678864749,293,0,21,0,0,0.0,False,fixed
rf_default_threshold_050,random_forest,0.435,0.9331210191082803,0.5,1.0,0.0,0.0,0.0,0.0,0.6767430521696733,0.14165014678864749,293,0,21,0,0,0.0,False,fixed
rf_default_threshold_050,random_forest,0.44,0.9331210191082803,0.5,1.0,0.0,0.0,0.0,0.0,0.6767430521696733,0.14165014678864749,293,0,21,0,0,0.0,False,fixed
rf_default_threshold_050,random_forest,0.445,0.9331210191082803,0.5,1.0,0.0,0.0,0.0,0.0,0.6767430521696733,0.14165014678864749,293,0,21,0,0,0.0,False,fixed
rf_default_threshold_050,random_forest,0.45,0.9331210191082803,0.5,1.0,0.0,0.0,0.0,0.0,0.6767430521696733,0.14165014678864749,293,0,21,0,0,0.0,False,fixed
rf_default_threshold_050,random_forest,0.455,0.9331210191082803,0.5,1.0,0.0,0.0,0.0,0.0,0.6767430521696733,0.14165014678864749,293,0,21,0,0,0.0,False,fixed
rf_default_threshold_050,random_forest,0.46,0.9331210191082803,0.5,1.0,0.0,0.0,0.0,0.0,0.6767430521696733,0.14165014678864749,293,0,21,0,0,0.0,False,fixed
rf_default_threshold_050,random_forest,0.465,0.9331210191082803,0.5,1.0,0.0,0.0,0.0,0.0,0.6767430521696733,0.14165014678864749,293,0,21,0,0,0.0,False,fixed
rf_default_threshold_050,random_forest,0.47,0.9331210191082803,0.5,1.0,0.0,0.0,0.0,0.0,0.6767430521696733,0.14165014678864749,293,0,21,0,0,0.0,False,fixed
rf_default_threshold_050,random_forest,0.475,0.9331210191082803,0.5,1.0,0.0,0.0,0.0,0.0,0.6767430521696733,0.14165014678864749,293,0,21,0,0,0.0,False,fixed
rf_default_threshold_050,random_forest,0.48,0.9331210191082803,0.5,1.0,0.0,0.0,0.0,0.0,0.6767430521696733,0.14165014678864749,293,0,21,0,0,0.0,False,fixed
rf_default_threshold_050,random_forest,0.485,0.9331210191082803,0.5,1.0,0.0,0.0,0.0,0.0,0.6767430521696733,0.14165014678864749,293,0,21,0,0,0.0,False,fixed
rf_default_threshold_050,random_forest,0.49,0.9331210191082803,0.5,1.0,0.0,0.0,0.0,0.0,0.6767430521696733,0.14165014678864749,293,0,21,0,0,0.0,False,fixed
rf_default_threshold_050,random_forest,0.495,0.9331210191082803,0.5,1.0,0.0,0.0,0.0,0.0,0.6767430521696733,0.14165014678864749,293,0,21,0,0,0.0,False,fixed
rf_default_threshold_050,random_forest,0.5,0.9331210191082803,0.5,1.0,0.0,0.0,0.0,0.0,0.6767430521696733,0.14165014678864749,293,0,21,0,0,0.0,True,fixed
rf_default_threshold_050,random_forest,0.505,0.9331210191082803,0.5,1.0,0.0,0.0,0.0,0.0,0.6767430521696733,0.14165014678864749,293,0,21,0,0,0.0,False,fixed
rf_default_threshold_050,random_forest,0.51,0.9331210191082803,0.5,1.0,0.0,0.0,0.0,0.0,0.6767430521696733,0.14165014678864749,293,0,21,0,0,0.0,False,fixed
rf_default_threshold_050,random_forest,0.515,0.9331210191082803,0.5,1.0,0.0,0.0,0.0,0.0,0.6767430521696733,0.14165014678864749,293,0,21,0,0,0.0,False,fixed
rf_default_threshold_050,random_forest,0.52,0.9331210191082803,0.5,1.0,0.0,0.0,0.0,0.0,0.6767430521696733,0.14165014678864749,293,0,21,0,0,0.0,False,fixed
rf_default_threshold_050,random_forest,0.525,0.9331210191082803,0.5,1.0,0.0,0.0,0.0,0.0,0.6767430521696733,0.14165014678864749,293,0,21,0,0,0.0,False,fixed
rf_default_threshold_050,random_forest,0.53,0.9331210191082803,0.5,1.0,0.0,0.0,0.0,0.0,0.6767430521696733,0.14165014678864749,293,0,21,0,0,0.0,False,fixed
rf_default_threshold_050,random_forest,0.535,0.9331210191082803,0.5,1.0,0.0,0.0,0.0,0.0,0.6767430521696733,0.14165014678864749,293,0,21,0,0,0.0,False,fixed
rf_default_threshold_050,random_forest,0.54,0.9331210191082803,0.5,1.0,0.0,0.0,0.0,0.0,0.6767430521696733,0.14165014678864749,293,0,21,0,0,0.0,False,fixed
rf_default_threshold_050,random_forest,0.545,0.9331210191082803,0.5,1.0,0.0,0.0,0.0,0.0,0.6767430521696733,0.14165014678864749,293,0,21,0,0,0.0,False,fixed
rf_default_threshold_050,random_forest,0.55,0.9331210191082803,0.5,1.0,0.0,0.0,0.0,0.0,0.6767430521696733,0.14165014678864749,293,0,21,0,0,0.0,False,fixed
rf_default_threshold_050,random_forest,0.555,0.9331210191082803,0.5,1.0,0.0,0.0,0.0,0.0,0.6767430521696733,0.14165014678864749,293,0,21,0,0,0.0,False,fixed
rf_default_threshold_050,random_forest,0.56,0.9331210191082803,0.5,1.0,0.0,0.0,0.0,0.0,0.6767430521696733,0.14165014678864749,293,0,21,0,0,0.0,False,fixed
rf_default_threshold_050,random_forest,0.565,0.9331210191082803,0.5,1.0,0.0,0.0,0.0,0.0,0.6767430521696733,0.14165014678864749,293,0,21,0,0,0.0,False,fixed
rf_default_threshold_050,random_forest,0.57,0.9331210191082803,0.5,1.0,0.0,0.0,0.0,0.0,0.6767430521696733,0.14165014678864749,293,0,21,0,0,0.0,False,fixed
rf_default_threshold_050,random_forest,0.575,0.9331210191082803,0.5,1.0,0.0,0.0,0.0,0.0,0.6767430521696733,0.14165014678864749,293,0,21,0,0,0.0,False,fixed
rf_default_threshold_050,random_forest,0.58,0.9331210191082803,0.5,1.0,0.0,0.0,0.0,0.0,0.6767430521696733,0.14165014678864749,293,0,21,0,0,0.0,False,fixed
rf_default_threshold_050,random_forest,0.585,0.9331210191082803,0.5,1.0,0.0,0.0,0.0,0.0,0.6767430521696733,0.14165014678864749,293,0,21,0,0,0.0,False,fixed
rf_default_threshold_050,random_forest,0.59,0.9331210191082803,0.5,1.0,0.0,0.0,0.0,0.0,0.6767430521696733,0.14165014678864749,293,0,21,0,0,0.0,False,fixed
rf_default_threshold_050,random_forest,0.595,0.9331210191082803,0.5,1.0,0.0,0.0,0.0,0.0,0.6767430521696733,0.14165014678864749,293,0,21,0,0,0.0,False,fixed
rf_default_threshold_050,random_forest,0.6,0.9331210191082803,0.5,1.0,0.0,0.0,0.0,0.0,0.6767430521696733,0.14165014678864749,293,0,21,0,0,0.0,False,fixed
rf_default_threshold_050,random_forest,0.605,0.9331210191082803,0.5,1.0,0.0,0.0,0.0,0.0,0.6767430521696733,0.14165014678864749,293,0,21,0,0,0.0,False,fixed
rf_default_threshold_050,random_forest,0.61,0.9331210191082803,0.5,1.0,0.0,0.0,0.0,0.0,0.6767430521696733,0.14165014678864749,293,0,21,0,0,0.0,False,fixed
rf_default_threshold_050,random_forest,0.615,0.9331210191082803,0.5,1.0,0.0,0.0,0.0,0.0,0.6767430521696733,0.14165014678864749,293,0,21,0,0,0.0,False,fixed
rf_default_threshold_050,random_forest,0.62,0.9331210191082803,0.5,1.0,0.0,0.0,0.0,0.0,0.6767430521696733,0.14165014678864749,293,0,21,0,0,0.0,False,fixed
rf_default_threshold_050,random_forest,0.625,0.9331210191082803,0.5,1.0,0.0,0.0,0.0,0.0,0.6767430521696733,0.14165014678864749,293,0,21,0,0,0.0,False,fixed
rf_default_threshold_050,random_forest,0.63,0.9331210191082803,0.5,1.0,0.0,0.0,0.0,0.0,0.6767430521696733,0.14165014678864749,293,0,21,0,0,0.0,False,fixed
rf_default_threshold_050,random_forest,0.635,0.9331210191082803,0.5,1.0,0.0,0.0,0.0,0.0,0.6767430521696733,0.14165014678864749,293,0,21,0,0,0.0,False,fixed
rf_default_threshold_050,random_forest,0.64,0.9331210191082803,0.5,1.0,0.0,0.0,0.0,0.0,0.6767430521696733,0.14165014678864749,293,0,21,0,0,0.0,False,fixed
rf_default_threshold_050,random_forest,0.645,0.9331210191082803,0.5,1.0,0.0,0.0,0.0,0.0,0.6767430521696733,0.14165014678864749,293,0,21,0,0,0.0,False,fixed
rf_default_threshold_050,random_forest,0.65,0.9331210191082803,0.5,1.0,0.0,0.0,0.0,0.0,0.6767430521696733,0.14165014678864749,293,0,21,0,0,0.0,False,fixed
rf_default_threshold_050,random_forest,0.655,0.9331210191082803,0.5,1.0,0.0,0.0,0.0,0.0,0.6767430521696733,0.14165014678864749,293,0,21,0,0,0.0,False,fixed
rf_default_threshold_050,random_forest,0.66,0.9331210191082803,0.5,1.0,0.0,0.0,0.0,0.0,0.6767430521696733,0.14165014678864749,293,0,21,0,0,0.0,False,fixed
rf_default_threshold_050,random_forest,0.665,0.9331210191082803,0.5,1.0,0.0,0.0,0.0,0.0,0.6767430521696733,0.14165014678864749,293,0,21,0,0,0.0,False,fixed
rf_default_threshold_050,random_forest,0.67,0.9331210191082803,0.5,1.0,0.0,0.0,0.0,0.0,0.6767430521696733,0.14165014678864749,293,0,21,0,0,0.0,False,fixed
rf_default_threshold_050,random_forest,0.675,0.9331210191082803,0.5,1.0,0.0,0.0,0.0,0.0,0.6767430521696733,0.14165014678864749,293,0,21,0,0,0.0,False,fixed
rf_default_threshold_050,random_forest,0.68,0.9331210191082803,0.5,1.0,0.0,0.0,0.0,0.0,0.6767430521696733,0.14165014678864749,293,0,21,0,0,0.0,False,fixed
rf_default_threshold_050,random_forest,0.685,0.9331210191082803,0.5,1.0,0.0,0.0,0.0,0.0,0.6767430521696733,0.14165014678864749,293,0,21,0,0,0.0,False,fixed
rf_default_threshold_050,random_forest,0.69,0.9331210191082803,0.5,1.0,0.0,0.0,0.0,0.0,0.6767430521696733,0.14165014678864749,293,0,21,0,0,0.0,False,fixed
rf_default_threshold_050,random_forest,0.695,0.9331210191082803,0.5,1.0,0.0,0.0,0.0,0.0,0.6767430521696733,0.14165014678864749,293,0,21,0,0,0.0,False,fixed
rf_default_threshold_050,random_forest,0.7,0.9331210191082803,0.5,1.0,0.0,0.0,0.0,0.0,0.6767430521696733,0.14165014678864749,293,0,21,0,0,0.0,False,fixed
rf_default_threshold_050,random_forest,0.705,0.9331210191082803,0.5,1.0,0.0,0.0,0.0,0.0,0.6767430521696733,0.14165014678864749,293,0,21,0,0,0.0,False,fixed
rf_default_threshold_050,random_forest,0.71,0.9331210191082803,0.5,1.0,0.0,0.0,0.0,0.0,0.6767430521696733,0.14165014678864749,293,0,21,0,0,0.0,False,fixed
rf_default_threshold_050,random_forest,0.715,0.9331210191082803,0.5,1.0,0.0,0.0,0.0,0.0,0.6767430521696733,0.14165014678864749,293,0,21,0,0,0.0,False,fixed
rf_default_threshold_050,random_forest,0.72,0.9331210191082803,0.5,1.0,0.0,0.0,0.0,0.0,0.6767430521696733,0.14165014678864749,293,0,21,0,0,0.0,False,fixed
rf_default_threshold_050,random_forest,0.725,0.9331210191082803,0.5,1.0,0.0,0.0,0.0,0.0,0.6767430521696733,0.14165014678864749,293,0,21,0,0,0.0,False,fixed
rf_default_threshold_050,random_forest,0.73,0.9331210191082803,0.5,1.0,0.0,0.0,0.0,0.0,0.6767430521696733,0.14165014678864749,293,0,21,0,0,0.0,False,fixed
rf_default_threshold_050,random_forest,0.735,0.9331210191082803,0.5,1.0,0.0,0.0,0.0,0.0,0.6767430521696733,0.14165014678864749,293,0,21,0,0,0.0,False,fixed
rf_default_threshold_050,random_forest,0.74,0.9331210191082803,0.5,1.0,0.0,0.0,0.0,0.0,0.6767430521696733,0.14165014678864749,293,0,21,0,0,0.0,False,fixed
rf_default_threshold_050,random_forest,0.745,0.9331210191082803,0.5,1.0,0.0,0.0,0.0,0.0,0.6767430521696733,0.14165014678864749,293,0,21,0,0,0.0,False,fixed
rf_default_threshold_050,random_forest,0.75,0.9331210191082803,0.5,1.0,0.0,0.0,0.0,0.0,0.6767430521696733,0.14165014678864749,293,0,21,0,0,0.0,False,fixed
rf_default_threshold_050,random_forest,0.755,0.9331210191082803,0.5,1.0,0.0,0.0,0.0,0.0,0.6767430521696733,0.14165014678864749,293,0,21,0,0,0.0,False,fixed
rf_default_threshold_050,random_forest,0.76,0.9331210191082803,0.5,1.0,0.0,0.0,0.0,0.0,0.6767430521696733,0.14165014678864749,293,0,21,0,0,0.0,False,fixed
rf_default_threshold_050,random_forest,0.765,0.9331210191082803,0.5,1.0,0.0,0.0,0.0,0.0,0.6767430521696733,0.14165014678864749,293,0,21,0,0,0.0,False,fixed
rf_default_threshold_050,random_forest,0.77,0.9331210191082803,0.5,1.0,0.0,0.0,0.0,0.0,0.6767430521696733,0.14165014678864749,293,0,21,0,0,0.0,False,fixed
rf_default_threshold_050,random_forest,0.775,0.9331210191082803,0.5,1.0,0.0,0.0,0.0,0.0,0.6767430521696733,0.14165014678864749,293,0,21,0,0,0.0,False,fixed
rf_default_threshold_050,random_forest,0.78,0.9331210191082803,0.5,1.0,0.0,0.0,0.0,0.0,0.6767430521696733,0.14165014678864749,293,0,21,0,0,0.0,False,fixed
rf_default_threshold_050,random_forest,0.785,0.9331210191082803,0.5,1.0,0.0,0.0,0.0,0.0,0.6767430521696733,0.14165014678864749,293,0,21,0,0,0.0,False,fixed
rf_default_threshold_050,random_forest,0.79,0.9331210191082803,0.5,1.0,0.0,0.0,0.0,0.0,0.6767430521696733,0.14165014678864749,293,0,21,0,0,0.0,False,fixed
rf_default_threshold_050,random_forest,0.795,0.9331210191082803,0.5,1.0,0.0,0.0,0.0,0.0,0.6767430521696733,0.14165014678864749,293,0,21,0,0,0.0,False,fixed
rf_default_threshold_050,random_forest,0.8,0.9331210191082803,0.5,1.0,0.0,0.0,0.0,0.0,0.6767430521696733,0.14165014678864749,293,0,21,0,0,0.0,False,fixed
rf_default_threshold_050,random_forest,0.805,0.9331210191082803,0.5,1.0,0.0,0.0,0.0,0.0,0.6767430521696733,0.14165014678864749,293,0,21,0,0,0.0,False,fixed
rf_default_threshold_050,random_forest,0.81,0.9331210191082803,0.5,1.0,0.0,0.0,0.0,0.0,0.6767430521696733,0.14165014678864749,293,0,21,0,0,0.0,False,fixed
rf_default_threshold_050,random_forest,0.815,0.9331210191082803,0.5,1.0,0.0,0.0,0.0,0.0,0.6767430521696733,0.14165014678864749,293,0,21,0,0,0.0,False,fixed
rf_default_threshold_050,random_forest,0.82,0.9331210191082803,0.5,1.0,0.0,0.0,0.0,0.0,0.6767430521696733,0.14165014678864749,293,0,21,0,0,0.0,False,fixed
rf_default_threshold_050,random_forest,0.825,0.9331210191082803,0.5,1.0,0.0,0.0,0.0,0.0,0.6767430521696733,0.14165014678864749,293,0,21,0,0,0.0,False,fixed
rf_default_threshold_050,random_forest,0.83,0.9331210191082803,0.5,1.0,0.0,0.0,0.0,0.0,0.6767430521696733,0.14165014678864749,293,0,21,0,0,0.0,False,fixed
rf_default_threshold_050,random_forest,0.835,0.9331210191082803,0.5,1.0,0.0,0.0,0.0,0.0,0.6767430521696733,0.14165014678864749,293,0,21,0,0,0.0,False,fixed
rf_default_threshold_050,random_forest,0.84,0.9331210191082803,0.5,1.0,0.0,0.0,0.0,0.0,0.6767430521696733,0.14165014678864749,293,0,21,0,0,0.0,False,fixed
rf_default_threshold_050,random_forest,0.845,0.9331210191082803,0.5,1.0,0.0,0.0,0.0,0.0,0.6767430521696733,0.14165014678864749,293,0,21,0,0,0.0,False,fixed
rf_default_threshold_050,random_forest,0.85,0.9331210191082803,0.5,1.0,0.0,0.0,0.0,0.0,0.6767430521696733,0.14165014678864749,293,0,21,0,0,0.0,False,fixed
rf_default_threshold_050,random_forest,0.855,0.9331210191082803,0.5,1.0,0.0,0.0,0.0,0.0,0.6767430521696733,0.14165014678864749,293,0,21,0,0,0.0,False,fixed
rf_default_threshold_050,random_forest,0.86,0.9331210191082803,0.5,1.0,0.0,0.0,0.0,0.0,0.6767430521696733,0.14165014678864749,293,0,21,0,0,0.0,False,fixed
rf_default_threshold_050,random_forest,0.865,0.9331210191082803,0.5,1.0,0.0,0.0,0.0,0.0,0.6767430521696733,0.14165014678864749,293,0,21,0,0,0.0,False,fixed
rf_default_threshold_050,random_forest,0.87,0.9331210191082803,0.5,1.0,0.0,0.0,0.0,0.0,0.6767430521696733,0.14165014678864749,293,0,21,0,0,0.0,False,fixed
rf_default_threshold_050,random_forest,0.875,0.9331210191082803,0.5,1.0,0.0,0.0,0.0,0.0,0.6767430521696733,0.14165014678864749,293,0,21,0,0,0.0,False,fixed
rf_default_threshold_050,random_forest,0.88,0.9331210191082803,0.5,1.0,0.0,0.0,0.0,0.0,0.6767430521696733,0.14165014678864749,293,0,21,0,0,0.0,False,fixed
rf_default_threshold_050,random_forest,0.885,0.9331210191082803,0.5,1.0,0.0,0.0,0.0,0.0,0.6767430521696733,0.14165014678864749,293,0,21,0,0,0.0,False,fixed
rf_default_threshold_050,random_forest,0.89,0.9331210191082803,0.5,1.0,0.0,0.0,0.0,0.0,0.6767430521696733,0.14165014678864749,293,0,21,0,0,0.0,False,fixed
rf_default_threshold_050,random_forest,0.895,0.9331210191082803,0.5,1.0,0.0,0.0,0.0,0.0,0.6767430521696733,0.14165014678864749,293,0,21,0,0,0.0,False,fixed
rf_default_threshold_050,random_forest,0.9,0.9331210191082803,0.5,1.0,0.0,0.0,0.0,0.0,0.6767430521696733,0.14165014678864749,293,0,21,0,0,0.0,False,fixed
rf_default_threshold_050,random_forest,0.905,0.9331210191082803,0.5,1.0,0.0,0.0,0.0,0.0,0.6767430521696733,0.14165014678864749,293,0,21,0,0,0.0,False,fixed
rf_default_threshold_050,random_forest,0.91,0.9331210191082803,0.5,1.0,0.0,0.0,0.0,0.0,0.6767430521696733,0.14165014678864749,293,0,21,0,0,0.0,False,fixed
rf_default_threshold_050,random_forest,0.915,0.9331210191082803,0.5,1.0,0.0,0.0,0.0,0.0,0.6767430521696733,0.14165014678864749,293,0,21,0,0,0.0,False,fixed
rf_default_threshold_050,random_forest,0.92,0.9331210191082803,0.5,1.0,0.0,0.0,0.0,0.0,0.6767430521696733,0.14165014678864749,293,0,21,0,0,0.0,False,fixed
rf_default_threshold_050,random_forest,0.925,0.9331210191082803,0.5,1.0,0.0,0.0,0.0,0.0,0.6767430521696733,0.14165014678864749,293,0,21,0,0,0.0,False,fixed
rf_default_threshold_050,random_forest,0.93,0.9331210191082803,0.5,1.0,0.0,0.0,0.0,0.0,0.6767430521696733,0.14165014678864749,293,0,21,0,0,0.0,False,fixed
rf_default_threshold_050,random_forest,0.935,0.9331210191082803,0.5,1.0,0.0,0.0,0.0,0.0,0.6767430521696733,0.14165014678864749,293,0,21,0,0,0.0,False,fixed
rf_default_threshold_050,random_forest,0.94,0.9331210191082803,0.5,1.0,0.0,0.0,0.0,0.0,0.6767430521696733,0.14165014678864749,293,0,21,0,0,0.0,False,fixed
rf_default_threshold_050,random_forest,0.945,0.9331210191082803,0.5,1.0,0.0,0.0,0.0,0.0,0.6767430521696733,0.14165014678864749,293,0,21,0,0,0.0,False,fixed
rf_default_threshold_050,random_forest,0.95,0.9331210191082803,0.5,1.0,0.0,0.0,0.0,0.0,0.6767430521696733,0.14165014678864749,293,0,21,0,0,0.0,False,fixed
rf_balanced_threshold_050,random_forest,0.05,0.21337579617834396,0.5784982935153584,0.15699658703071673,0.07835820895522388,1.0,0.1453287197231834,0.29829545454545453,0.6608158621810498,0.13292856586713583,46,247,0,21,268,0.8535031847133758,False,fixed
rf_balanced_threshold_050,random_forest,0.055,0.27070063694267515,0.6092150170648464,0.21843003412969283,0.084,1.0,0.15498154981549817,0.3143712574850299,0.6608158621810498,0.13292856586713583,64,229,0,21,250,0.7961783439490446,False,fixed
rf_balanced_threshold_050,random_forest,0.06,0.3343949044585987,0.5770355923939541,0.29692832764505117,0.08035714285714286,0.8571428571428571,0.1469387755102041,0.2922077922077922,0.6608158621810498,0.13292856586713583,87,206,3,18,224,0.7133757961783439,False,fixed
rf_balanced_threshold_050,random_forest,0.065,0.36942675159235666,0.573703884284089,0.3378839590443686,0.08056872037914692,0.8095238095238095,0.14655172413793102,0.288135593220339,0.6608158621810498,0.13292856586713583,99,194,4,17,211,0.6719745222929936,False,fixed
rf_balanced_threshold_050,random_forest,0.07,0.40445859872611467,0.570372176174224,0.378839590443686,0.08080808080808081,0.7619047619047619,0.1461187214611872,0.28368794326241137,0.6608158621810498,0.13292856586713583,111,182,5,16,198,0.6305732484076433,False,fixed
rf_balanced_threshold_050,random_forest,0.075,0.44904458598726116,0.5721599219892736,0.4300341296928328,0.08241758241758242,0.7142857142857143,0.1477832512315271,0.2819548872180451,0.6608158621810498,0.13292856586713583,126,167,6,15,182,0.5796178343949044,False,fixed
rf_balanced_threshold_050,random_forest,0.08,0.5,0.5994636762554851,0.48464163822525597,0.09036144578313253,0.7142857142857143,0.16042780748663102,0.3,0.6608158621810498,0.13292856586713583,142,151,6,15,166,0.5286624203821656,False,fixed
rf_balanced_threshold_050,random_forest,0.085,0.5477707006369427,0.6029579067121729,0.5392491467576792,0.09395973154362416,0.6666666666666666,0.16470588235294117,0.30042918454935624,0.6608158621810498,0.13292856586713583,158,135,7,14,149,0.4745222929936306,False,fixed
rf_balanced_threshold_050,random_forest,0.09,0.5796178343949044,0.5979197139606696,0.5767918088737202,0.0948905109489051,0.6190476190476191,0.16455696202531644,0.29411764705882354,0.6608158621810498,0.13292856586713583,169,124,8,13,137,0.43630573248407645,False,fixed
rf_balanced_threshold_050,random_forest,0.095,0.6210191082802548,0.5980009751340809,0.6245733788395904,0.09836065573770492,0.5714285714285714,0.16783216783216784,0.2912621359223301,0.6608158621810498,0.13292856586713583,183,110,9,12,122,0.3885350318471338,False,fixed
rf_balanced_threshold_050,random_forest,0.1,0.6464968152866242,0.6116528522671867,0.6518771331058021,0.10526315789473684,0.5714285714285714,0.17777777777777778,0.30303030303030304,0.6608158621810498,0.13292856586713583,191,102,9,12,114,0.3630573248407643,False,fixed
rf_balanced_threshold_050,random_forest,0.105,0.6751592356687898,0.6270112140419308,0.6825938566552902,0.11428571428571428,0.5714285714285714,0.19047619047619047,0.31746031746031744,0.6608158621810498,0.13292856586713583,200,93,9,12,105,0.3343949044585987,False,fixed
rf_balanced_threshold_050,random_forest,0.11,0.7101910828025477,0.6457825450999513,0.7201365187713311,0.1276595744680851,0.5714285714285714,0.20869565217391303,0.33707865168539325,0.6608158621810498,0.13292856586713583,211,82,9,12,94,0.29936305732484075,False,fixed
rf_balanced_threshold_050,random_forest,0.115,0.7229299363057324,0.608402405330733,0.7406143344709898,0.11627906976744186,0.47619047619047616,0.18691588785046728,0.29411764705882354,0.6608158621810498,0.13292856586713583,217,76,11,10,86,0.27388535031847133,False,fixed
rf_balanced_threshold_050,random_forest,0.12,0.7388535031847133,0.616934828538924,0.757679180887372,0.12345679012345678,0.47619047619047616,0.19607843137254902,0.30303030303030304,0.6608158621810498,0.13292856586713583,222,71,11,10,81,0.25796178343949044,False,fixed
rf_balanced_threshold_050,random_forest,0.125,0.7515923566878981,0.5795546887697058,0.7781569965870307,0.1095890410958904,0.38095238095238093,0.1702127659574468,0.25477707006369427,0.6608158621810498,0.13292856586713583,228,65,13,8,73,0.23248407643312102,False,fixed
rf_balanced_threshold_050,random_forest,0.13,0.7866242038216561,0.5983260198277263,0.8156996587030717,0.12903225806451613,0.38095238095238093,0.1927710843373494,0.273972602739726,0.6608158621810498,0.13292856586713583,239,54,13,8,62,0.19745222929936307,False,fixed
rf_balanced_threshold_050,random_forest,0.135,0.802547770700637,0.6068584430359174,0.8327645051194539,0.14035087719298245,0.38095238095238093,0.20512820512820512,0.28368794326241137,0.6608158621810498,0.13292856586713583,244,49,13,8,57,0.18152866242038215,False,fixed
rf_balanced_threshold_050,random_forest,0.14,0.8152866242038217,0.5915813424345847,0.8498293515358362,0.13725490196078433,0.3333333333333333,0.19444444444444445,0.25925925925925924,0.6608158621810498,0.13292856586713583,249,44,14,7,51,0.1624203821656051,False,fixed
rf_balanced_threshold_050,random_forest,0.145,0.8407643312101911,0.583130180399805,0.8805460750853242,0.14634146341463414,0.2857142857142857,0.1935483870967742,0.24,0.6608158621810498,0.13292856586713583,258,35,15,6,41,0.1305732484076433,False,fixed
rf_balanced_threshold_050,random_forest,0.15,0.8535031847133758,0.5678530797984723,0.8976109215017065,0.14285714285714285,0.23809523809523808,0.17857142857142858,0.21008403361344538,0.6608158621810498,0.13292856586713583,263,30,16,5,35,0.11146496815286625,False,fixed
rf_balanced_threshold_050,random_forest,0.155,0.8535031847133758,0.5457500406305866,0.9010238907849829,0.12121212121212122,0.19047619047619047,0.14814814814814814,0.17094017094017094,0.6608158621810498,0.13292856586713583,264,29,17,4,33,0.10509554140127389,False,fixed
rf_balanced_threshold_050,random_forest,0.16,0.8630573248407644,0.5508694945555014,0.9112627986348123,0.13333333333333333,0.19047619047619047,0.1568627450980392,0.17543859649122806,0.6608158621810498,0.13292856586713583,267,26,17,4,30,0.09554140127388536,False,fixed
rf_balanced_threshold_050,random_forest,0.165,0.8821656050955414,0.5611084024053308,0.931740614334471,0.16666666666666666,0.19047619047619047,0.17777777777777778,0.18518518518518517,0.6608158621810498,0.13292856586713583,273,20,17,4,24,0.07643312101910828,False,fixed
rf_balanced_threshold_050,random_forest,0.17,0.8885350318471338,0.5645213716886072,0.9385665529010239,0.18181818181818182,0.19047619047619047,0.18604651162790697,0.18867924528301888,0.6608158621810498,0.13292856586713583,275,18,17,4,22,0.07006369426751592,False,fixed
rf_balanced_threshold_050,random_forest,0.175,0.8853503184713376,0.5407118478790833,0.9385665529010239,0.14285714285714285,0.14285714285714285,0.14285714285714285,0.14285714285714285,0.6608158621810498,0.13292856586713583,275,18,18,3,21,0.06687898089171974,False,fixed
rf_balanced_threshold_050,random_forest,0.18,0.8853503184713376,0.5186088087111977,0.9419795221843004,0.10526315789473684,0.09523809523809523,0.1,0.0970873786407767,0.6608158621810498,0.13292856586713583,276,17,19,2,19,0.06050955414012739,False,fixed
rf_balanced_threshold_050,random_forest,0.185,0.8980891719745223,0.5254347472777507,0.9556313993174061,0.13333333333333333,0.09523809523809523,0.1111111111111111,0.10101010101010101,0.6608158621810498,0.13292856586713583,280,13,19,2,15,0.04777070063694268,False,fixed
rf_balanced_threshold_050,random_forest,0.19,0.8980891719745223,0.5254347472777507,0.9556313993174061,0.13333333333333333,0.09523809523809523,0.1111111111111111,0.10101010101010101,0.6608158621810498,0.13292856586713583,280,13,19,2,15,0.04777070063694268,False,fixed
rf_balanced_threshold_050,random_forest,0.195,0.8980891719745223,0.5254347472777507,0.9556313993174061,0.13333333333333333,0.09523809523809523,0.1111111111111111,0.10101010101010101,0.6608158621810498,0.13292856586713583,280,13,19,2,15,0.04777070063694268,False,fixed
rf_balanced_threshold_050,random_forest,0.2,0.9044585987261147,0.5288477165610271,0.962457337883959,0.15384615384615385,0.09523809523809523,0.11764705882352941,0.10309278350515463,0.6608158621810498,0.13292856586713583,282,11,19,2,13,0.041401273885350316,False,fixed
rf_balanced_threshold_050,random_forest,0.205,0.910828025477707,0.5322606858443035,0.9692832764505119,0.18181818181818182,0.09523809523809523,0.125,0.10526315789473684,0.6608158621810498,0.13292856586713583,284,9,19,2,11,0.03503184713375796,False,fixed
rf_balanced_threshold_050,random_forest,0.21,0.9140127388535032,0.5339671704859419,0.9726962457337884,0.2,0.09523809523809523,0.12903225806451613,0.10638297872340426,0.6608158621810498,0.13292856586713583,285,8,19,2,10,0.03184713375796178,False,fixed
rf_balanced_threshold_050,random_forest,0.215,0.9171974522292994,0.53567365512758,0.9761092150170648,0.2222222222222222,0.09523809523809523,0.13333333333333333,0.10752688172043011,0.6608158621810498,0.13292856586713583,286,7,19,2,9,0.028662420382165606,False,fixed
rf_balanced_threshold_050,random_forest,0.22,0.9171974522292994,0.53567365512758,0.9761092150170648,0.2222222222222222,0.09523809523809523,0.13333333333333333,0.10752688172043011,0.6608158621810498,0.13292856586713583,286,7,19,2,9,0.028662420382165606,False,fixed
rf_balanced_threshold_050,random_forest,0.225,0.9235668789808917,0.5390866244108565,0.9829351535836177,0.2857142857142857,0.09523809523809523,0.14285714285714285,0.10989010989010989,0.6608158621810498,0.13292856586713583,288,5,19,2,7,0.022292993630573247,False,fixed
rf_balanced_threshold_050,random_forest,0.23,0.9267515923566879,0.5407931090524947,0.9863481228668942,0.3333333333333333,0.09523809523809523,0.14814814814814814,0.1111111111111111,0.6608158621810498,0.13292856586713583,289,4,19,2,6,0.01910828025477707,False,fixed
rf_balanced_threshold_050,random_forest,0.235,0.9267515923566879,0.5407931090524947,0.9863481228668942,0.3333333333333333,0.09523809523809523,0.14814814814814814,0.1111111111111111,0.6608158621810498,0.13292856586713583,289,4,19,2,6,0.01910828025477707,False,fixed
rf_balanced_threshold_050,random_forest,0.24,0.9267515923566879,0.5407931090524947,0.9863481228668942,0.3333333333333333,0.09523809523809523,0.14814814814814814,0.1111111111111111,0.6608158621810498,0.13292856586713583,289,4,19,2,6,0.01910828025477707,False,fixed
rf_balanced_threshold_050,random_forest,0.245,0.9267515923566879,0.5186900698846091,0.9897610921501706,0.25,0.047619047619047616,0.08,0.056818181818181816,0.6608158621810498,0.13292856586713583,290,3,20,1,4,0.012738853503184714,False,fixed
rf_balanced_threshold_050,random_forest,0.25,0.9267515923566879,0.49658703071672355,0.9931740614334471,0.0,0.0,0.0,0.0,0.6608158621810498,0.13292856586713583,291,2,21,0,2,0.006369426751592357,False,fixed
rf_balanced_threshold_050,random_forest,0.255,0.9267515923566879,0.49658703071672355,0.9931740614334471,0.0,0.0,0.0,0.0,0.6608158621810498,0.13292856586713583,291,2,21,0,2,0.006369426751592357,False,fixed
rf_balanced_threshold_050,random_forest,0.26,0.9267515923566879,0.49658703071672355,0.9931740614334471,0.0,0.0,0.0,0.0,0.6608158621810498,0.13292856586713583,291,2,21,0,2,0.006369426751592357,False,fixed
rf_balanced_threshold_050,random_forest,0.265,0.9267515923566879,0.49658703071672355,0.9931740614334471,0.0,0.0,0.0,0.0,0.6608158621810498,0.13292856586713583,291,2,21,0,2,0.006369426751592357,False,fixed
rf_balanced_threshold_050,random_forest,0.27,0.9267515923566879,0.49658703071672355,0.9931740614334471,0.0,0.0,0.0,0.0,0.6608158621810498,0.13292856586713583,291,2,21,0,2,0.006369426751592357,False,fixed
rf_balanced_threshold_050,random_forest,0.275,0.9299363057324841,0.49829351535836175,0.9965870307167235,0.0,0.0,0.0,0.0,0.6608158621810498,0.13292856586713583,292,1,21,0,1,0.0031847133757961785,False,fixed
rf_balanced_threshold_050,random_forest,0.28,0.9299363057324841,0.49829351535836175,0.9965870307167235,0.0,0.0,0.0,0.0,0.6608158621810498,0.13292856586713583,292,1,21,0,1,0.0031847133757961785,False,fixed
rf_balanced_threshold_050,random_forest,0.285,0.9299363057324841,0.49829351535836175,0.9965870307167235,0.0,0.0,0.0,0.0,0.6608158621810498,0.13292856586713583,292,1,21,0,1,0.0031847133757961785,False,fixed
rf_balanced_threshold_050,random_forest,0.29,0.9299363057324841,0.49829351535836175,0.9965870307167235,0.0,0.0,0.0,0.0,0.6608158621810498,0.13292856586713583,292,1,21,0,1,0.0031847133757961785,False,fixed
rf_balanced_threshold_050,random_forest,0.295,0.9331210191082803,0.5,1.0,0.0,0.0,0.0,0.0,0.6608158621810498,0.13292856586713583,293,0,21,0,0,0.0,False,fixed
rf_balanced_threshold_050,random_forest,0.3,0.9331210191082803,0.5,1.0,0.0,0.0,0.0,0.0,0.6608158621810498,0.13292856586713583,293,0,21,0,0,0.0,False,fixed
rf_balanced_threshold_050,random_forest,0.305,0.9331210191082803,0.5,1.0,0.0,0.0,0.0,0.0,0.6608158621810498,0.13292856586713583,293,0,21,0,0,0.0,False,fixed
rf_balanced_threshold_050,random_forest,0.31,0.9331210191082803,0.5,1.0,0.0,0.0,0.0,0.0,0.6608158621810498,0.13292856586713583,293,0,21,0,0,0.0,False,fixed
rf_balanced_threshold_050,random_forest,0.315,0.9331210191082803,0.5,1.0,0.0,0.0,0.0,0.0,0.6608158621810498,0.13292856586713583,293,0,21,0,0,0.0,False,fixed
rf_balanced_threshold_050,random_forest,0.32,0.9331210191082803,0.5,1.0,0.0,0.0,0.0,0.0,0.6608158621810498,0.13292856586713583,293,0,21,0,0,0.0,False,fixed
rf_balanced_threshold_050,random_forest,0.325,0.9331210191082803,0.5,1.0,0.0,0.0,0.0,0.0,0.6608158621810498,0.13292856586713583,293,0,21,0,0,0.0,False,fixed
rf_balanced_threshold_050,random_forest,0.33,0.9331210191082803,0.5,1.0,0.0,0.0,0.0,0.0,0.6608158621810498,0.13292856586713583,293,0,21,0,0,0.0,False,fixed
rf_balanced_threshold_050,random_forest,0.335,0.9331210191082803,0.5,1.0,0.0,0.0,0.0,0.0,0.6608158621810498,0.13292856586713583,293,0,21,0,0,0.0,False,fixed
rf_balanced_threshold_050,random_forest,0.34,0.9331210191082803,0.5,1.0,0.0,0.0,0.0,0.0,0.6608158621810498,0.13292856586713583,293,0,21,0,0,0.0,False,fixed
rf_balanced_threshold_050,random_forest,0.345,0.9331210191082803,0.5,1.0,0.0,0.0,0.0,0.0,0.6608158621810498,0.13292856586713583,293,0,21,0,0,0.0,False,fixed
rf_balanced_threshold_050,random_forest,0.35,0.9331210191082803,0.5,1.0,0.0,0.0,0.0,0.0,0.6608158621810498,0.13292856586713583,293,0,21,0,0,0.0,False,fixed
rf_balanced_threshold_050,random_forest,0.355,0.9331210191082803,0.5,1.0,0.0,0.0,0.0,0.0,0.6608158621810498,0.13292856586713583,293,0,21,0,0,0.0,False,fixed
rf_balanced_threshold_050,random_forest,0.36,0.9331210191082803,0.5,1.0,0.0,0.0,0.0,0.0,0.6608158621810498,0.13292856586713583,293,0,21,0,0,0.0,False,fixed
rf_balanced_threshold_050,random_forest,0.365,0.9331210191082803,0.5,1.0,0.0,0.0,0.0,0.0,0.6608158621810498,0.13292856586713583,293,0,21,0,0,0.0,False,fixed
rf_balanced_threshold_050,random_forest,0.37,0.9331210191082803,0.5,1.0,0.0,0.0,0.0,0.0,0.6608158621810498,0.13292856586713583,293,0,21,0,0,0.0,False,fixed
rf_balanced_threshold_050,random_forest,0.375,0.9331210191082803,0.5,1.0,0.0,0.0,0.0,0.0,0.6608158621810498,0.13292856586713583,293,0,21,0,0,0.0,False,fixed
rf_balanced_threshold_050,random_forest,0.38,0.9331210191082803,0.5,1.0,0.0,0.0,0.0,0.0,0.6608158621810498,0.13292856586713583,293,0,21,0,0,0.0,False,fixed
rf_balanced_threshold_050,random_forest,0.385,0.9331210191082803,0.5,1.0,0.0,0.0,0.0,0.0,0.6608158621810498,0.13292856586713583,293,0,21,0,0,0.0,False,fixed
rf_balanced_threshold_050,random_forest,0.39,0.9331210191082803,0.5,1.0,0.0,0.0,0.0,0.0,0.6608158621810498,0.13292856586713583,293,0,21,0,0,0.0,False,fixed
rf_balanced_threshold_050,random_forest,0.395,0.9331210191082803,0.5,1.0,0.0,0.0,0.0,0.0,0.6608158621810498,0.13292856586713583,293,0,21,0,0,0.0,False,fixed
rf_balanced_threshold_050,random_forest,0.4,0.9331210191082803,0.5,1.0,0.0,0.0,0.0,0.0,0.6608158621810498,0.13292856586713583,293,0,21,0,0,0.0,False,fixed
rf_balanced_threshold_050,random_forest,0.405,0.9331210191082803,0.5,1.0,0.0,0.0,0.0,0.0,0.6608158621810498,0.13292856586713583,293,0,21,0,0,0.0,False,fixed
rf_balanced_threshold_050,random_forest,0.41,0.9331210191082803,0.5,1.0,0.0,0.0,0.0,0.0,0.6608158621810498,0.13292856586713583,293,0,21,0,0,0.0,False,fixed
rf_balanced_threshold_050,random_forest,0.415,0.9331210191082803,0.5,1.0,0.0,0.0,0.0,0.0,0.6608158621810498,0.13292856586713583,293,0,21,0,0,0.0,False,fixed
rf_balanced_threshold_050,random_forest,0.42,0.9331210191082803,0.5,1.0,0.0,0.0,0.0,0.0,0.6608158621810498,0.13292856586713583,293,0,21,0,0,0.0,False,fixed
rf_balanced_threshold_050,random_forest,0.425,0.9331210191082803,0.5,1.0,0.0,0.0,0.0,0.0,0.6608158621810498,0.13292856586713583,293,0,21,0,0,0.0,False,fixed
rf_balanced_threshold_050,random_forest,0.43,0.9331210191082803,0.5,1.0,0.0,0.0,0.0,0.0,0.6608158621810498,0.13292856586713583,293,0,21,0,0,0.0,False,fixed
rf_balanced_threshold_050,random_forest,0.435,0.9331210191082803,0.5,1.0,0.0,0.0,0.0,0.0,0.6608158621810498,0.13292856586713583,293,0,21,0,0,0.0,False,fixed
rf_balanced_threshold_050,random_forest,0.44,0.9331210191082803,0.5,1.0,0.0,0.0,0.0,0.0,0.6608158621810498,0.13292856586713583,293,0,21,0,0,0.0,False,fixed
rf_balanced_threshold_050,random_forest,0.445,0.9331210191082803,0.5,1.0,0.0,0.0,0.0,0.0,0.6608158621810498,0.13292856586713583,293,0,21,0,0,0.0,False,fixed
rf_balanced_threshold_050,random_forest,0.45,0.9331210191082803,0.5,1.0,0.0,0.0,0.0,0.0,0.6608158621810498,0.13292856586713583,293,0,21,0,0,0.0,False,fixed
rf_balanced_threshold_050,random_forest,0.455,0.9331210191082803,0.5,1.0,0.0,0.0,0.0,0.0,0.6608158621810498,0.13292856586713583,293,0,21,0,0,0.0,False,fixed
rf_balanced_threshold_050,random_forest,0.46,0.9331210191082803,0.5,1.0,0.0,0.0,0.0,0.0,0.6608158621810498,0.13292856586713583,293,0,21,0,0,0.0,False,fixed
rf_balanced_threshold_050,random_forest,0.465,0.9331210191082803,0.5,1.0,0.0,0.0,0.0,0.0,0.6608158621810498,0.13292856586713583,293,0,21,0,0,0.0,False,fixed
rf_balanced_threshold_050,random_forest,0.47,0.9331210191082803,0.5,1.0,0.0,0.0,0.0,0.0,0.6608158621810498,0.13292856586713583,293,0,21,0,0,0.0,False,fixed
rf_balanced_threshold_050,random_forest,0.475,0.9331210191082803,0.5,1.0,0.0,0.0,0.0,0.0,0.6608158621810498,0.13292856586713583,293,0,21,0,0,0.0,False,fixed
rf_balanced_threshold_050,random_forest,0.48,0.9331210191082803,0.5,1.0,0.0,0.0,0.0,0.0,0.6608158621810498,0.13292856586713583,293,0,21,0,0,0.0,False,fixed
rf_balanced_threshold_050,random_forest,0.485,0.9331210191082803,0.5,1.0,0.0,0.0,0.0,0.0,0.6608158621810498,0.13292856586713583,293,0,21,0,0,0.0,False,fixed
rf_balanced_threshold_050,random_forest,0.49,0.9331210191082803,0.5,1.0,0.0,0.0,0.0,0.0,0.6608158621810498,0.13292856586713583,293,0,21,0,0,0.0,False,fixed
rf_balanced_threshold_050,random_forest,0.495,0.9331210191082803,0.5,1.0,0.0,0.0,0.0,0.0,0.6608158621810498,0.13292856586713583,293,0,21,0,0,0.0,False,fixed
rf_balanced_threshold_050,random_forest,0.5,0.9331210191082803,0.5,1.0,0.0,0.0,0.0,0.0,0.6608158621810498,0.13292856586713583,293,0,21,0,0,0.0,True,fixed
rf_balanced_threshold_050,random_forest,0.505,0.9331210191082803,0.5,1.0,0.0,0.0,0.0,0.0,0.6608158621810498,0.13292856586713583,293,0,21,0,0,0.0,False,fixed
rf_balanced_threshold_050,random_forest,0.51,0.9331210191082803,0.5,1.0,0.0,0.0,0.0,0.0,0.6608158621810498,0.13292856586713583,293,0,21,0,0,0.0,False,fixed
rf_balanced_threshold_050,random_forest,0.515,0.9331210191082803,0.5,1.0,0.0,0.0,0.0,0.0,0.6608158621810498,0.13292856586713583,293,0,21,0,0,0.0,False,fixed
rf_balanced_threshold_050,random_forest,0.52,0.9331210191082803,0.5,1.0,0.0,0.0,0.0,0.0,0.6608158621810498,0.13292856586713583,293,0,21,0,0,0.0,False,fixed
rf_balanced_threshold_050,random_forest,0.525,0.9331210191082803,0.5,1.0,0.0,0.0,0.0,0.0,0.6608158621810498,0.13292856586713583,293,0,21,0,0,0.0,False,fixed
rf_balanced_threshold_050,random_forest,0.53,0.9331210191082803,0.5,1.0,0.0,0.0,0.0,0.0,0.6608158621810498,0.13292856586713583,293,0,21,0,0,0.0,False,fixed
rf_balanced_threshold_050,random_forest,0.535,0.9331210191082803,0.5,1.0,0.0,0.0,0.0,0.0,0.6608158621810498,0.13292856586713583,293,0,21,0,0,0.0,False,fixed
rf_balanced_threshold_050,random_forest,0.54,0.9331210191082803,0.5,1.0,0.0,0.0,0.0,0.0,0.6608158621810498,0.13292856586713583,293,0,21,0,0,0.0,False,fixed
rf_balanced_threshold_050,random_forest,0.545,0.9331210191082803,0.5,1.0,0.0,0.0,0.0,0.0,0.6608158621810498,0.13292856586713583,293,0,21,0,0,0.0,False,fixed
rf_balanced_threshold_050,random_forest,0.55,0.9331210191082803,0.5,1.0,0.0,0.0,0.0,0.0,0.6608158621810498,0.13292856586713583,293,0,21,0,0,0.0,False,fixed
rf_balanced_threshold_050,random_forest,0.555,0.9331210191082803,0.5,1.0,0.0,0.0,0.0,0.0,0.6608158621810498,0.13292856586713583,293,0,21,0,0,0.0,False,fixed
rf_balanced_threshold_050,random_forest,0.56,0.9331210191082803,0.5,1.0,0.0,0.0,0.0,0.0,0.6608158621810498,0.13292856586713583,293,0,21,0,0,0.0,False,fixed
rf_balanced_threshold_050,random_forest,0.565,0.9331210191082803,0.5,1.0,0.0,0.0,0.0,0.0,0.6608158621810498,0.13292856586713583,293,0,21,0,0,0.0,False,fixed
rf_balanced_threshold_050,random_forest,0.57,0.9331210191082803,0.5,1.0,0.0,0.0,0.0,0.0,0.6608158621810498,0.13292856586713583,293,0,21,0,0,0.0,False,fixed
rf_balanced_threshold_050,random_forest,0.575,0.9331210191082803,0.5,1.0,0.0,0.0,0.0,0.0,0.6608158621810498,0.13292856586713583,293,0,21,0,0,0.0,False,fixed
rf_balanced_threshold_050,random_forest,0.58,0.9331210191082803,0.5,1.0,0.0,0.0,0.0,0.0,0.6608158621810498,0.13292856586713583,293,0,21,0,0,0.0,False,fixed
rf_balanced_threshold_050,random_forest,0.585,0.9331210191082803,0.5,1.0,0.0,0.0,0.0,0.0,0.6608158621810498,0.13292856586713583,293,0,21,0,0,0.0,False,fixed
rf_balanced_threshold_050,random_forest,0.59,0.9331210191082803,0.5,1.0,0.0,0.0,0.0,0.0,0.6608158621810498,0.13292856586713583,293,0,21,0,0,0.0,False,fixed
rf_balanced_threshold_050,random_forest,0.595,0.9331210191082803,0.5,1.0,0.0,0.0,0.0,0.0,0.6608158621810498,0.13292856586713583,293,0,21,0,0,0.0,False,fixed
rf_balanced_threshold_050,random_forest,0.6,0.9331210191082803,0.5,1.0,0.0,0.0,0.0,0.0,0.6608158621810498,0.13292856586713583,293,0,21,0,0,0.0,False,fixed
rf_balanced_threshold_050,random_forest,0.605,0.9331210191082803,0.5,1.0,0.0,0.0,0.0,0.0,0.6608158621810498,0.13292856586713583,293,0,21,0,0,0.0,False,fixed
rf_balanced_threshold_050,random_forest,0.61,0.9331210191082803,0.5,1.0,0.0,0.0,0.0,0.0,0.6608158621810498,0.13292856586713583,293,0,21,0,0,0.0,False,fixed
rf_balanced_threshold_050,random_forest,0.615,0.9331210191082803,0.5,1.0,0.0,0.0,0.0,0.0,0.6608158621810498,0.13292856586713583,293,0,21,0,0,0.0,False,fixed
rf_balanced_threshold_050,random_forest,0.62,0.9331210191082803,0.5,1.0,0.0,0.0,0.0,0.0,0.6608158621810498,0.13292856586713583,293,0,21,0,0,0.0,False,fixed
rf_balanced_threshold_050,random_forest,0.625,0.9331210191082803,0.5,1.0,0.0,0.0,0.0,0.0,0.6608158621810498,0.13292856586713583,293,0,21,0,0,0.0,False,fixed
rf_balanced_threshold_050,random_forest,0.63,0.9331210191082803,0.5,1.0,0.0,0.0,0.0,0.0,0.6608158621810498,0.13292856586713583,293,0,21,0,0,0.0,False,fixed
rf_balanced_threshold_050,random_forest,0.635,0.9331210191082803,0.5,1.0,0.0,0.0,0.0,0.0,0.6608158621810498,0.13292856586713583,293,0,21,0,0,0.0,False,fixed
rf_balanced_threshold_050,random_forest,0.64,0.9331210191082803,0.5,1.0,0.0,0.0,0.0,0.0,0.6608158621810498,0.13292856586713583,293,0,21,0,0,0.0,False,fixed
rf_balanced_threshold_050,random_forest,0.645,0.9331210191082803,0.5,1.0,0.0,0.0,0.0,0.0,0.6608158621810498,0.13292856586713583,293,0,21,0,0,0.0,False,fixed
rf_balanced_threshold_050,random_forest,0.65,0.9331210191082803,0.5,1.0,0.0,0.0,0.0,0.0,0.6608158621810498,0.13292856586713583,293,0,21,0,0,0.0,False,fixed
rf_balanced_threshold_050,random_forest,0.655,0.9331210191082803,0.5,1.0,0.0,0.0,0.0,0.0,0.6608158621810498,0.13292856586713583,293,0,21,0,0,0.0,False,fixed
rf_balanced_threshold_050,random_forest,0.66,0.9331210191082803,0.5,1.0,0.0,0.0,0.0,0.0,0.6608158621810498,0.13292856586713583,293,0,21,0,0,0.0,False,fixed
rf_balanced_threshold_050,random_forest,0.665,0.9331210191082803,0.5,1.0,0.0,0.0,0.0,0.0,0.6608158621810498,0.13292856586713583,293,0,21,0,0,0.0,False,fixed
rf_balanced_threshold_050,random_forest,0.67,0.9331210191082803,0.5,1.0,0.0,0.0,0.0,0.0,0.6608158621810498,0.13292856586713583,293,0,21,0,0,0.0,False,fixed
rf_balanced_threshold_050,random_forest,0.675,0.9331210191082803,0.5,1.0,0.0,0.0,0.0,0.0,0.6608158621810498,0.13292856586713583,293,0,21,0,0,0.0,False,fixed
rf_balanced_threshold_050,random_forest,0.68,0.9331210191082803,0.5,1.0,0.0,0.0,0.0,0.0,0.6608158621810498,0.13292856586713583,293,0,21,0,0,0.0,False,fixed
rf_balanced_threshold_050,random_forest,0.685,0.9331210191082803,0.5,1.0,0.0,0.0,0.0,0.0,0.6608158621810498,0.13292856586713583,293,0,21,0,0,0.0,False,fixed
rf_balanced_threshold_050,random_forest,0.69,0.9331210191082803,0.5,1.0,0.0,0.0,0.0,0.0,0.6608158621810498,0.13292856586713583,293,0,21,0,0,0.0,False,fixed
rf_balanced_threshold_050,random_forest,0.695,0.9331210191082803,0.5,1.0,0.0,0.0,0.0,0.0,0.6608158621810498,0.13292856586713583,293,0,21,0,0,0.0,False,fixed
rf_balanced_threshold_050,random_forest,0.7,0.9331210191082803,0.5,1.0,0.0,0.0,0.0,0.0,0.6608158621810498,0.13292856586713583,293,0,21,0,0,0.0,False,fixed
rf_balanced_threshold_050,random_forest,0.705,0.9331210191082803,0.5,1.0,0.0,0.0,0.0,0.0,0.6608158621810498,0.13292856586713583,293,0,21,0,0,0.0,False,fixed
rf_balanced_threshold_050,random_forest,0.71,0.9331210191082803,0.5,1.0,0.0,0.0,0.0,0.0,0.6608158621810498,0.13292856586713583,293,0,21,0,0,0.0,False,fixed
rf_balanced_threshold_050,random_forest,0.715,0.9331210191082803,0.5,1.0,0.0,0.0,0.0,0.0,0.6608158621810498,0.13292856586713583,293,0,21,0,0,0.0,False,fixed
rf_balanced_threshold_050,random_forest,0.72,0.9331210191082803,0.5,1.0,0.0,0.0,0.0,0.0,0.6608158621810498,0.13292856586713583,293,0,21,0,0,0.0,False,fixed
rf_balanced_threshold_050,random_forest,0.725,0.9331210191082803,0.5,1.0,0.0,0.0,0.0,0.0,0.6608158621810498,0.13292856586713583,293,0,21,0,0,0.0,False,fixed
rf_balanced_threshold_050,random_forest,0.73,0.9331210191082803,0.5,1.0,0.0,0.0,0.0,0.0,0.6608158621810498,0.13292856586713583,293,0,21,0,0,0.0,False,fixed
rf_balanced_threshold_050,random_forest,0.735,0.9331210191082803,0.5,1.0,0.0,0.0,0.0,0.0,0.6608158621810498,0.13292856586713583,293,0,21,0,0,0.0,False,fixed
rf_balanced_threshold_050,random_forest,0.74,0.9331210191082803,0.5,1.0,0.0,0.0,0.0,0.0,0.6608158621810498,0.13292856586713583,293,0,21,0,0,0.0,False,fixed
rf_balanced_threshold_050,random_forest,0.745,0.9331210191082803,0.5,1.0,0.0,0.0,0.0,0.0,0.6608158621810498,0.13292856586713583,293,0,21,0,0,0.0,False,fixed
rf_balanced_threshold_050,random_forest,0.75,0.9331210191082803,0.5,1.0,0.0,0.0,0.0,0.0,0.6608158621810498,0.13292856586713583,293,0,21,0,0,0.0,False,fixed
rf_balanced_threshold_050,random_forest,0.755,0.9331210191082803,0.5,1.0,0.0,0.0,0.0,0.0,0.6608158621810498,0.13292856586713583,293,0,21,0,0,0.0,False,fixed
rf_balanced_threshold_050,random_forest,0.76,0.9331210191082803,0.5,1.0,0.0,0.0,0.0,0.0,0.6608158621810498,0.13292856586713583,293,0,21,0,0,0.0,False,fixed
rf_balanced_threshold_050,random_forest,0.765,0.9331210191082803,0.5,1.0,0.0,0.0,0.0,0.0,0.6608158621810498,0.13292856586713583,293,0,21,0,0,0.0,False,fixed
rf_balanced_threshold_050,random_forest,0.77,0.9331210191082803,0.5,1.0,0.0,0.0,0.0,0.0,0.6608158621810498,0.13292856586713583,293,0,21,0,0,0.0,False,fixed
rf_balanced_threshold_050,random_forest,0.775,0.9331210191082803,0.5,1.0,0.0,0.0,0.0,0.0,0.6608158621810498,0.13292856586713583,293,0,21,0,0,0.0,False,fixed
rf_balanced_threshold_050,random_forest,0.78,0.9331210191082803,0.5,1.0,0.0,0.0,0.0,0.0,0.6608158621810498,0.13292856586713583,293,0,21,0,0,0.0,False,fixed
rf_balanced_threshold_050,random_forest,0.785,0.9331210191082803,0.5,1.0,0.0,0.0,0.0,0.0,0.6608158621810498,0.13292856586713583,293,0,21,0,0,0.0,False,fixed
rf_balanced_threshold_050,random_forest,0.79,0.9331210191082803,0.5,1.0,0.0,0.0,0.0,0.0,0.6608158621810498,0.13292856586713583,293,0,21,0,0,0.0,False,fixed
rf_balanced_threshold_050,random_forest,0.795,0.9331210191082803,0.5,1.0,0.0,0.0,0.0,0.0,0.6608158621810498,0.13292856586713583,293,0,21,0,0,0.0,False,fixed
rf_balanced_threshold_050,random_forest,0.8,0.9331210191082803,0.5,1.0,0.0,0.0,0.0,0.0,0.6608158621810498,0.13292856586713583,293,0,21,0,0,0.0,False,fixed
rf_balanced_threshold_050,random_forest,0.805,0.9331210191082803,0.5,1.0,0.0,0.0,0.0,0.0,0.6608158621810498,0.13292856586713583,293,0,21,0,0,0.0,False,fixed
rf_balanced_threshold_050,random_forest,0.81,0.9331210191082803,0.5,1.0,0.0,0.0,0.0,0.0,0.6608158621810498,0.13292856586713583,293,0,21,0,0,0.0,False,fixed
rf_balanced_threshold_050,random_forest,0.815,0.9331210191082803,0.5,1.0,0.0,0.0,0.0,0.0,0.6608158621810498,0.13292856586713583,293,0,21,0,0,0.0,False,fixed
rf_balanced_threshold_050,random_forest,0.82,0.9331210191082803,0.5,1.0,0.0,0.0,0.0,0.0,0.6608158621810498,0.13292856586713583,293,0,21,0,0,0.0,False,fixed
rf_balanced_threshold_050,random_forest,0.825,0.9331210191082803,0.5,1.0,0.0,0.0,0.0,0.0,0.6608158621810498,0.13292856586713583,293,0,21,0,0,0.0,False,fixed
rf_balanced_threshold_050,random_forest,0.83,0.9331210191082803,0.5,1.0,0.0,0.0,0.0,0.0,0.6608158621810498,0.13292856586713583,293,0,21,0,0,0.0,False,fixed
rf_balanced_threshold_050,random_forest,0.835,0.9331210191082803,0.5,1.0,0.0,0.0,0.0,0.0,0.6608158621810498,0.13292856586713583,293,0,21,0,0,0.0,False,fixed
rf_balanced_threshold_050,random_forest,0.84,0.9331210191082803,0.5,1.0,0.0,0.0,0.0,0.0,0.6608158621810498,0.13292856586713583,293,0,21,0,0,0.0,False,fixed
rf_balanced_threshold_050,random_forest,0.845,0.9331210191082803,0.5,1.0,0.0,0.0,0.0,0.0,0.6608158621810498,0.13292856586713583,293,0,21,0,0,0.0,False,fixed
rf_balanced_threshold_050,random_forest,0.85,0.9331210191082803,0.5,1.0,0.0,0.0,0.0,0.0,0.6608158621810498,0.13292856586713583,293,0,21,0,0,0.0,False,fixed
rf_balanced_threshold_050,random_forest,0.855,0.9331210191082803,0.5,1.0,0.0,0.0,0.0,0.0,0.6608158621810498,0.13292856586713583,293,0,21,0,0,0.0,False,fixed
rf_balanced_threshold_050,random_forest,0.86,0.9331210191082803,0.5,1.0,0.0,0.0,0.0,0.0,0.6608158621810498,0.13292856586713583,293,0,21,0,0,0.0,False,fixed
rf_balanced_threshold_050,random_forest,0.865,0.9331210191082803,0.5,1.0,0.0,0.0,0.0,0.0,0.6608158621810498,0.13292856586713583,293,0,21,0,0,0.0,False,fixed
rf_balanced_threshold_050,random_forest,0.87,0.9331210191082803,0.5,1.0,0.0,0.0,0.0,0.0,0.6608158621810498,0.13292856586713583,293,0,21,0,0,0.0,False,fixed
rf_balanced_threshold_050,random_forest,0.875,0.9331210191082803,0.5,1.0,0.0,0.0,0.0,0.0,0.6608158621810498,0.13292856586713583,293,0,21,0,0,0.0,False,fixed
rf_balanced_threshold_050,random_forest,0.88,0.9331210191082803,0.5,1.0,0.0,0.0,0.0,0.0,0.6608158621810498,0.13292856586713583,293,0,21,0,0,0.0,False,fixed
rf_balanced_threshold_050,random_forest,0.885,0.9331210191082803,0.5,1.0,0.0,0.0,0.0,0.0,0.6608158621810498,0.13292856586713583,293,0,21,0,0,0.0,False,fixed
rf_balanced_threshold_050,random_forest,0.89,0.9331210191082803,0.5,1.0,0.0,0.0,0.0,0.0,0.6608158621810498,0.13292856586713583,293,0,21,0,0,0.0,False,fixed
rf_balanced_threshold_050,random_forest,0.895,0.9331210191082803,0.5,1.0,0.0,0.0,0.0,0.0,0.6608158621810498,0.13292856586713583,293,0,21,0,0,0.0,False,fixed
rf_balanced_threshold_050,random_forest,0.9,0.9331210191082803,0.5,1.0,0.0,0.0,0.0,0.0,0.6608158621810498,0.13292856586713583,293,0,21,0,0,0.0,False,fixed
rf_balanced_threshold_050,random_forest,0.905,0.9331210191082803,0.5,1.0,0.0,0.0,0.0,0.0,0.6608158621810498,0.13292856586713583,293,0,21,0,0,0.0,False,fixed
rf_balanced_threshold_050,random_forest,0.91,0.9331210191082803,0.5,1.0,0.0,0.0,0.0,0.0,0.6608158621810498,0.13292856586713583,293,0,21,0,0,0.0,False,fixed
rf_balanced_threshold_050,random_forest,0.915,0.9331210191082803,0.5,1.0,0.0,0.0,0.0,0.0,0.6608158621810498,0.13292856586713583,293,0,21,0,0,0.0,False,fixed
rf_balanced_threshold_050,random_forest,0.92,0.9331210191082803,0.5,1.0,0.0,0.0,0.0,0.0,0.6608158621810498,0.13292856586713583,293,0,21,0,0,0.0,False,fixed
rf_balanced_threshold_050,random_forest,0.925,0.9331210191082803,0.5,1.0,0.0,0.0,0.0,0.0,0.6608158621810498,0.13292856586713583,293,0,21,0,0,0.0,False,fixed
rf_balanced_threshold_050,random_forest,0.93,0.9331210191082803,0.5,1.0,0.0,0.0,0.0,0.0,0.6608158621810498,0.13292856586713583,293,0,21,0,0,0.0,False,fixed
rf_balanced_threshold_050,random_forest,0.935,0.9331210191082803,0.5,1.0,0.0,0.0,0.0,0.0,0.6608158621810498,0.13292856586713583,293,0,21,0,0,0.0,False,fixed
rf_balanced_threshold_050,random_forest,0.94,0.9331210191082803,0.5,1.0,0.0,0.0,0.0,0.0,0.6608158621810498,0.13292856586713583,293,0,21,0,0,0.0,False,fixed
rf_balanced_threshold_050,random_forest,0.945,0.9331210191082803,0.5,1.0,0.0,0.0,0.0,0.0,0.6608158621810498,0.13292856586713583,293,0,21,0,0,0.0,False,fixed
rf_balanced_threshold_050,random_forest,0.95,0.9331210191082803,0.5,1.0,0.0,0.0,0.0,0.0,0.6608158621810498,0.13292856586713583,293,0,21,0,0,0.0,False,fixed
rf_current_config_threshold_050,random_forest,0.05,0.21337579617834396,0.5784982935153584,0.15699658703071673,0.07835820895522388,1.0,0.1453287197231834,0.29829545454545453,0.6608158621810498,0.13292856586713583,46,247,0,21,268,0.8535031847133758,False,fixed
rf_current_config_threshold_050,random_forest,0.055,0.27070063694267515,0.6092150170648464,0.21843003412969283,0.084,1.0,0.15498154981549817,0.3143712574850299,0.6608158621810498,0.13292856586713583,64,229,0,21,250,0.7961783439490446,False,fixed
rf_current_config_threshold_050,random_forest,0.06,0.3343949044585987,0.5770355923939541,0.29692832764505117,0.08035714285714286,0.8571428571428571,0.1469387755102041,0.2922077922077922,0.6608158621810498,0.13292856586713583,87,206,3,18,224,0.7133757961783439,False,fixed
rf_current_config_threshold_050,random_forest,0.065,0.36942675159235666,0.573703884284089,0.3378839590443686,0.08056872037914692,0.8095238095238095,0.14655172413793102,0.288135593220339,0.6608158621810498,0.13292856586713583,99,194,4,17,211,0.6719745222929936,False,fixed
rf_current_config_threshold_050,random_forest,0.07,0.40445859872611467,0.570372176174224,0.378839590443686,0.08080808080808081,0.7619047619047619,0.1461187214611872,0.28368794326241137,0.6608158621810498,0.13292856586713583,111,182,5,16,198,0.6305732484076433,False,fixed
rf_current_config_threshold_050,random_forest,0.075,0.44904458598726116,0.5721599219892736,0.4300341296928328,0.08241758241758242,0.7142857142857143,0.1477832512315271,0.2819548872180451,0.6608158621810498,0.13292856586713583,126,167,6,15,182,0.5796178343949044,False,fixed
rf_current_config_threshold_050,random_forest,0.08,0.5,0.5994636762554851,0.48464163822525597,0.09036144578313253,0.7142857142857143,0.16042780748663102,0.3,0.6608158621810498,0.13292856586713583,142,151,6,15,166,0.5286624203821656,False,fixed
rf_current_config_threshold_050,random_forest,0.085,0.5477707006369427,0.6029579067121729,0.5392491467576792,0.09395973154362416,0.6666666666666666,0.16470588235294117,0.30042918454935624,0.6608158621810498,0.13292856586713583,158,135,7,14,149,0.4745222929936306,False,fixed
rf_current_config_threshold_050,random_forest,0.09,0.5796178343949044,0.5979197139606696,0.5767918088737202,0.0948905109489051,0.6190476190476191,0.16455696202531644,0.29411764705882354,0.6608158621810498,0.13292856586713583,169,124,8,13,137,0.43630573248407645,False,fixed
rf_current_config_threshold_050,random_forest,0.095,0.6210191082802548,0.5980009751340809,0.6245733788395904,0.09836065573770492,0.5714285714285714,0.16783216783216784,0.2912621359223301,0.6608158621810498,0.13292856586713583,183,110,9,12,122,0.3885350318471338,False,fixed
rf_current_config_threshold_050,random_forest,0.1,0.6464968152866242,0.6116528522671867,0.6518771331058021,0.10526315789473684,0.5714285714285714,0.17777777777777778,0.30303030303030304,0.6608158621810498,0.13292856586713583,191,102,9,12,114,0.3630573248407643,False,fixed
rf_current_config_threshold_050,random_forest,0.105,0.6751592356687898,0.6270112140419308,0.6825938566552902,0.11428571428571428,0.5714285714285714,0.19047619047619047,0.31746031746031744,0.6608158621810498,0.13292856586713583,200,93,9,12,105,0.3343949044585987,False,fixed
rf_current_config_threshold_050,random_forest,0.11,0.7101910828025477,0.6457825450999513,0.7201365187713311,0.1276595744680851,0.5714285714285714,0.20869565217391303,0.33707865168539325,0.6608158621810498,0.13292856586713583,211,82,9,12,94,0.29936305732484075,False,fixed
rf_current_config_threshold_050,random_forest,0.115,0.7229299363057324,0.608402405330733,0.7406143344709898,0.11627906976744186,0.47619047619047616,0.18691588785046728,0.29411764705882354,0.6608158621810498,0.13292856586713583,217,76,11,10,86,0.27388535031847133,False,fixed
rf_current_config_threshold_050,random_forest,0.12,0.7388535031847133,0.616934828538924,0.757679180887372,0.12345679012345678,0.47619047619047616,0.19607843137254902,0.30303030303030304,0.6608158621810498,0.13292856586713583,222,71,11,10,81,0.25796178343949044,False,fixed
rf_current_config_threshold_050,random_forest,0.125,0.7515923566878981,0.5795546887697058,0.7781569965870307,0.1095890410958904,0.38095238095238093,0.1702127659574468,0.25477707006369427,0.6608158621810498,0.13292856586713583,228,65,13,8,73,0.23248407643312102,False,fixed
rf_current_config_threshold_050,random_forest,0.13,0.7866242038216561,0.5983260198277263,0.8156996587030717,0.12903225806451613,0.38095238095238093,0.1927710843373494,0.273972602739726,0.6608158621810498,0.13292856586713583,239,54,13,8,62,0.19745222929936307,False,fixed
rf_current_config_threshold_050,random_forest,0.135,0.802547770700637,0.6068584430359174,0.8327645051194539,0.14035087719298245,0.38095238095238093,0.20512820512820512,0.28368794326241137,0.6608158621810498,0.13292856586713583,244,49,13,8,57,0.18152866242038215,False,fixed
rf_current_config_threshold_050,random_forest,0.14,0.8152866242038217,0.5915813424345847,0.8498293515358362,0.13725490196078433,0.3333333333333333,0.19444444444444445,0.25925925925925924,0.6608158621810498,0.13292856586713583,249,44,14,7,51,0.1624203821656051,False,fixed
rf_current_config_threshold_050,random_forest,0.145,0.8407643312101911,0.583130180399805,0.8805460750853242,0.14634146341463414,0.2857142857142857,0.1935483870967742,0.24,0.6608158621810498,0.13292856586713583,258,35,15,6,41,0.1305732484076433,False,fixed
rf_current_config_threshold_050,random_forest,0.15,0.8535031847133758,0.5678530797984723,0.8976109215017065,0.14285714285714285,0.23809523809523808,0.17857142857142858,0.21008403361344538,0.6608158621810498,0.13292856586713583,263,30,16,5,35,0.11146496815286625,False,fixed
rf_current_config_threshold_050,random_forest,0.155,0.8535031847133758,0.5457500406305866,0.9010238907849829,0.12121212121212122,0.19047619047619047,0.14814814814814814,0.17094017094017094,0.6608158621810498,0.13292856586713583,264,29,17,4,33,0.10509554140127389,False,fixed
rf_current_config_threshold_050,random_forest,0.16,0.8630573248407644,0.5508694945555014,0.9112627986348123,0.13333333333333333,0.19047619047619047,0.1568627450980392,0.17543859649122806,0.6608158621810498,0.13292856586713583,267,26,17,4,30,0.09554140127388536,False,fixed
rf_current_config_threshold_050,random_forest,0.165,0.8821656050955414,0.5611084024053308,0.931740614334471,0.16666666666666666,0.19047619047619047,0.17777777777777778,0.18518518518518517,0.6608158621810498,0.13292856586713583,273,20,17,4,24,0.07643312101910828,False,fixed
rf_current_config_threshold_050,random_forest,0.17,0.8885350318471338,0.5645213716886072,0.9385665529010239,0.18181818181818182,0.19047619047619047,0.18604651162790697,0.18867924528301888,0.6608158621810498,0.13292856586713583,275,18,17,4,22,0.07006369426751592,False,fixed
rf_current_config_threshold_050,random_forest,0.175,0.8853503184713376,0.5407118478790833,0.9385665529010239,0.14285714285714285,0.14285714285714285,0.14285714285714285,0.14285714285714285,0.6608158621810498,0.13292856586713583,275,18,18,3,21,0.06687898089171974,False,fixed
rf_current_config_threshold_050,random_forest,0.18,0.8853503184713376,0.5186088087111977,0.9419795221843004,0.10526315789473684,0.09523809523809523,0.1,0.0970873786407767,0.6608158621810498,0.13292856586713583,276,17,19,2,19,0.06050955414012739,False,fixed
rf_current_config_threshold_050,random_forest,0.185,0.8980891719745223,0.5254347472777507,0.9556313993174061,0.13333333333333333,0.09523809523809523,0.1111111111111111,0.10101010101010101,0.6608158621810498,0.13292856586713583,280,13,19,2,15,0.04777070063694268,False,fixed
rf_current_config_threshold_050,random_forest,0.19,0.8980891719745223,0.5254347472777507,0.9556313993174061,0.13333333333333333,0.09523809523809523,0.1111111111111111,0.10101010101010101,0.6608158621810498,0.13292856586713583,280,13,19,2,15,0.04777070063694268,False,fixed
rf_current_config_threshold_050,random_forest,0.195,0.8980891719745223,0.5254347472777507,0.9556313993174061,0.13333333333333333,0.09523809523809523,0.1111111111111111,0.10101010101010101,0.6608158621810498,0.13292856586713583,280,13,19,2,15,0.04777070063694268,False,fixed
rf_current_config_threshold_050,random_forest,0.2,0.9044585987261147,0.5288477165610271,0.962457337883959,0.15384615384615385,0.09523809523809523,0.11764705882352941,0.10309278350515463,0.6608158621810498,0.13292856586713583,282,11,19,2,13,0.041401273885350316,False,fixed
rf_current_config_threshold_050,random_forest,0.205,0.910828025477707,0.5322606858443035,0.9692832764505119,0.18181818181818182,0.09523809523809523,0.125,0.10526315789473684,0.6608158621810498,0.13292856586713583,284,9,19,2,11,0.03503184713375796,False,fixed
rf_current_config_threshold_050,random_forest,0.21,0.9140127388535032,0.5339671704859419,0.9726962457337884,0.2,0.09523809523809523,0.12903225806451613,0.10638297872340426,0.6608158621810498,0.13292856586713583,285,8,19,2,10,0.03184713375796178,False,fixed
rf_current_config_threshold_050,random_forest,0.215,0.9171974522292994,0.53567365512758,0.9761092150170648,0.2222222222222222,0.09523809523809523,0.13333333333333333,0.10752688172043011,0.6608158621810498,0.13292856586713583,286,7,19,2,9,0.028662420382165606,False,fixed
rf_current_config_threshold_050,random_forest,0.22,0.9171974522292994,0.53567365512758,0.9761092150170648,0.2222222222222222,0.09523809523809523,0.13333333333333333,0.10752688172043011,0.6608158621810498,0.13292856586713583,286,7,19,2,9,0.028662420382165606,False,fixed
rf_current_config_threshold_050,random_forest,0.225,0.9235668789808917,0.5390866244108565,0.9829351535836177,0.2857142857142857,0.09523809523809523,0.14285714285714285,0.10989010989010989,0.6608158621810498,0.13292856586713583,288,5,19,2,7,0.022292993630573247,False,fixed
rf_current_config_threshold_050,random_forest,0.23,0.9267515923566879,0.5407931090524947,0.9863481228668942,0.3333333333333333,0.09523809523809523,0.14814814814814814,0.1111111111111111,0.6608158621810498,0.13292856586713583,289,4,19,2,6,0.01910828025477707,False,fixed
rf_current_config_threshold_050,random_forest,0.235,0.9267515923566879,0.5407931090524947,0.9863481228668942,0.3333333333333333,0.09523809523809523,0.14814814814814814,0.1111111111111111,0.6608158621810498,0.13292856586713583,289,4,19,2,6,0.01910828025477707,False,fixed
rf_current_config_threshold_050,random_forest,0.24,0.9267515923566879,0.5407931090524947,0.9863481228668942,0.3333333333333333,0.09523809523809523,0.14814814814814814,0.1111111111111111,0.6608158621810498,0.13292856586713583,289,4,19,2,6,0.01910828025477707,False,fixed
rf_current_config_threshold_050,random_forest,0.245,0.9267515923566879,0.5186900698846091,0.9897610921501706,0.25,0.047619047619047616,0.08,0.056818181818181816,0.6608158621810498,0.13292856586713583,290,3,20,1,4,0.012738853503184714,False,fixed
rf_current_config_threshold_050,random_forest,0.25,0.9267515923566879,0.49658703071672355,0.9931740614334471,0.0,0.0,0.0,0.0,0.6608158621810498,0.13292856586713583,291,2,21,0,2,0.006369426751592357,False,fixed
rf_current_config_threshold_050,random_forest,0.255,0.9267515923566879,0.49658703071672355,0.9931740614334471,0.0,0.0,0.0,0.0,0.6608158621810498,0.13292856586713583,291,2,21,0,2,0.006369426751592357,False,fixed
rf_current_config_threshold_050,random_forest,0.26,0.9267515923566879,0.49658703071672355,0.9931740614334471,0.0,0.0,0.0,0.0,0.6608158621810498,0.13292856586713583,291,2,21,0,2,0.006369426751592357,False,fixed
rf_current_config_threshold_050,random_forest,0.265,0.9267515923566879,0.49658703071672355,0.9931740614334471,0.0,0.0,0.0,0.0,0.6608158621810498,0.13292856586713583,291,2,21,0,2,0.006369426751592357,False,fixed
rf_current_config_threshold_050,random_forest,0.27,0.9267515923566879,0.49658703071672355,0.9931740614334471,0.0,0.0,0.0,0.0,0.6608158621810498,0.13292856586713583,291,2,21,0,2,0.006369426751592357,False,fixed
rf_current_config_threshold_050,random_forest,0.275,0.9299363057324841,0.49829351535836175,0.9965870307167235,0.0,0.0,0.0,0.0,0.6608158621810498,0.13292856586713583,292,1,21,0,1,0.0031847133757961785,False,fixed
rf_current_config_threshold_050,random_forest,0.28,0.9299363057324841,0.49829351535836175,0.9965870307167235,0.0,0.0,0.0,0.0,0.6608158621810498,0.13292856586713583,292,1,21,0,1,0.0031847133757961785,False,fixed
rf_current_config_threshold_050,random_forest,0.285,0.9299363057324841,0.49829351535836175,0.9965870307167235,0.0,0.0,0.0,0.0,0.6608158621810498,0.13292856586713583,292,1,21,0,1,0.0031847133757961785,False,fixed
rf_current_config_threshold_050,random_forest,0.29,0.9299363057324841,0.49829351535836175,0.9965870307167235,0.0,0.0,0.0,0.0,0.6608158621810498,0.13292856586713583,292,1,21,0,1,0.0031847133757961785,False,fixed
rf_current_config_threshold_050,random_forest,0.295,0.9331210191082803,0.5,1.0,0.0,0.0,0.0,0.0,0.6608158621810498,0.13292856586713583,293,0,21,0,0,0.0,False,fixed
rf_current_config_threshold_050,random_forest,0.3,0.9331210191082803,0.5,1.0,0.0,0.0,0.0,0.0,0.6608158621810498,0.13292856586713583,293,0,21,0,0,0.0,False,fixed
rf_current_config_threshold_050,random_forest,0.305,0.9331210191082803,0.5,1.0,0.0,0.0,0.0,0.0,0.6608158621810498,0.13292856586713583,293,0,21,0,0,0.0,False,fixed
rf_current_config_threshold_050,random_forest,0.31,0.9331210191082803,0.5,1.0,0.0,0.0,0.0,0.0,0.6608158621810498,0.13292856586713583,293,0,21,0,0,0.0,False,fixed
rf_current_config_threshold_050,random_forest,0.315,0.9331210191082803,0.5,1.0,0.0,0.0,0.0,0.0,0.6608158621810498,0.13292856586713583,293,0,21,0,0,0.0,False,fixed
rf_current_config_threshold_050,random_forest,0.32,0.9331210191082803,0.5,1.0,0.0,0.0,0.0,0.0,0.6608158621810498,0.13292856586713583,293,0,21,0,0,0.0,False,fixed
rf_current_config_threshold_050,random_forest,0.325,0.9331210191082803,0.5,1.0,0.0,0.0,0.0,0.0,0.6608158621810498,0.13292856586713583,293,0,21,0,0,0.0,False,fixed
rf_current_config_threshold_050,random_forest,0.33,0.9331210191082803,0.5,1.0,0.0,0.0,0.0,0.0,0.6608158621810498,0.13292856586713583,293,0,21,0,0,0.0,False,fixed
rf_current_config_threshold_050,random_forest,0.335,0.9331210191082803,0.5,1.0,0.0,0.0,0.0,0.0,0.6608158621810498,0.13292856586713583,293,0,21,0,0,0.0,False,fixed
rf_current_config_threshold_050,random_forest,0.34,0.9331210191082803,0.5,1.0,0.0,0.0,0.0,0.0,0.6608158621810498,0.13292856586713583,293,0,21,0,0,0.0,False,fixed
rf_current_config_threshold_050,random_forest,0.345,0.9331210191082803,0.5,1.0,0.0,0.0,0.0,0.0,0.6608158621810498,0.13292856586713583,293,0,21,0,0,0.0,False,fixed
rf_current_config_threshold_050,random_forest,0.35,0.9331210191082803,0.5,1.0,0.0,0.0,0.0,0.0,0.6608158621810498,0.13292856586713583,293,0,21,0,0,0.0,False,fixed
rf_current_config_threshold_050,random_forest,0.355,0.9331210191082803,0.5,1.0,0.0,0.0,0.0,0.0,0.6608158621810498,0.13292856586713583,293,0,21,0,0,0.0,False,fixed
rf_current_config_threshold_050,random_forest,0.36,0.9331210191082803,0.5,1.0,0.0,0.0,0.0,0.0,0.6608158621810498,0.13292856586713583,293,0,21,0,0,0.0,False,fixed
rf_current_config_threshold_050,random_forest,0.365,0.9331210191082803,0.5,1.0,0.0,0.0,0.0,0.0,0.6608158621810498,0.13292856586713583,293,0,21,0,0,0.0,False,fixed
rf_current_config_threshold_050,random_forest,0.37,0.9331210191082803,0.5,1.0,0.0,0.0,0.0,0.0,0.6608158621810498,0.13292856586713583,293,0,21,0,0,0.0,False,fixed
rf_current_config_threshold_050,random_forest,0.375,0.9331210191082803,0.5,1.0,0.0,0.0,0.0,0.0,0.6608158621810498,0.13292856586713583,293,0,21,0,0,0.0,False,fixed
rf_current_config_threshold_050,random_forest,0.38,0.9331210191082803,0.5,1.0,0.0,0.0,0.0,0.0,0.6608158621810498,0.13292856586713583,293,0,21,0,0,0.0,False,fixed
rf_current_config_threshold_050,random_forest,0.385,0.9331210191082803,0.5,1.0,0.0,0.0,0.0,0.0,0.6608158621810498,0.13292856586713583,293,0,21,0,0,0.0,False,fixed
rf_current_config_threshold_050,random_forest,0.39,0.9331210191082803,0.5,1.0,0.0,0.0,0.0,0.0,0.6608158621810498,0.13292856586713583,293,0,21,0,0,0.0,False,fixed
rf_current_config_threshold_050,random_forest,0.395,0.9331210191082803,0.5,1.0,0.0,0.0,0.0,0.0,0.6608158621810498,0.13292856586713583,293,0,21,0,0,0.0,False,fixed
rf_current_config_threshold_050,random_forest,0.4,0.9331210191082803,0.5,1.0,0.0,0.0,0.0,0.0,0.6608158621810498,0.13292856586713583,293,0,21,0,0,0.0,False,fixed
rf_current_config_threshold_050,random_forest,0.405,0.9331210191082803,0.5,1.0,0.0,0.0,0.0,0.0,0.6608158621810498,0.13292856586713583,293,0,21,0,0,0.0,False,fixed
rf_current_config_threshold_050,random_forest,0.41,0.9331210191082803,0.5,1.0,0.0,0.0,0.0,0.0,0.6608158621810498,0.13292856586713583,293,0,21,0,0,0.0,False,fixed
rf_current_config_threshold_050,random_forest,0.415,0.9331210191082803,0.5,1.0,0.0,0.0,0.0,0.0,0.6608158621810498,0.13292856586713583,293,0,21,0,0,0.0,False,fixed
rf_current_config_threshold_050,random_forest,0.42,0.9331210191082803,0.5,1.0,0.0,0.0,0.0,0.0,0.6608158621810498,0.13292856586713583,293,0,21,0,0,0.0,False,fixed
rf_current_config_threshold_050,random_forest,0.425,0.9331210191082803,0.5,1.0,0.0,0.0,0.0,0.0,0.6608158621810498,0.13292856586713583,293,0,21,0,0,0.0,False,fixed
rf_current_config_threshold_050,random_forest,0.43,0.9331210191082803,0.5,1.0,0.0,0.0,0.0,0.0,0.6608158621810498,0.13292856586713583,293,0,21,0,0,0.0,False,fixed
rf_current_config_threshold_050,random_forest,0.435,0.9331210191082803,0.5,1.0,0.0,0.0,0.0,0.0,0.6608158621810498,0.13292856586713583,293,0,21,0,0,0.0,False,fixed
rf_current_config_threshold_050,random_forest,0.44,0.9331210191082803,0.5,1.0,0.0,0.0,0.0,0.0,0.6608158621810498,0.13292856586713583,293,0,21,0,0,0.0,False,fixed
rf_current_config_threshold_050,random_forest,0.445,0.9331210191082803,0.5,1.0,0.0,0.0,0.0,0.0,0.6608158621810498,0.13292856586713583,293,0,21,0,0,0.0,False,fixed
rf_current_config_threshold_050,random_forest,0.45,0.9331210191082803,0.5,1.0,0.0,0.0,0.0,0.0,0.6608158621810498,0.13292856586713583,293,0,21,0,0,0.0,False,fixed
rf_current_config_threshold_050,random_forest,0.455,0.9331210191082803,0.5,1.0,0.0,0.0,0.0,0.0,0.6608158621810498,0.13292856586713583,293,0,21,0,0,0.0,False,fixed
rf_current_config_threshold_050,random_forest,0.46,0.9331210191082803,0.5,1.0,0.0,0.0,0.0,0.0,0.6608158621810498,0.13292856586713583,293,0,21,0,0,0.0,False,fixed
rf_current_config_threshold_050,random_forest,0.465,0.9331210191082803,0.5,1.0,0.0,0.0,0.0,0.0,0.6608158621810498,0.13292856586713583,293,0,21,0,0,0.0,False,fixed
rf_current_config_threshold_050,random_forest,0.47,0.9331210191082803,0.5,1.0,0.0,0.0,0.0,0.0,0.6608158621810498,0.13292856586713583,293,0,21,0,0,0.0,False,fixed
rf_current_config_threshold_050,random_forest,0.475,0.9331210191082803,0.5,1.0,0.0,0.0,0.0,0.0,0.6608158621810498,0.13292856586713583,293,0,21,0,0,0.0,False,fixed
rf_current_config_threshold_050,random_forest,0.48,0.9331210191082803,0.5,1.0,0.0,0.0,0.0,0.0,0.6608158621810498,0.13292856586713583,293,0,21,0,0,0.0,False,fixed
rf_current_config_threshold_050,random_forest,0.485,0.9331210191082803,0.5,1.0,0.0,0.0,0.0,0.0,0.6608158621810498,0.13292856586713583,293,0,21,0,0,0.0,False,fixed
rf_current_config_threshold_050,random_forest,0.49,0.9331210191082803,0.5,1.0,0.0,0.0,0.0,0.0,0.6608158621810498,0.13292856586713583,293,0,21,0,0,0.0,False,fixed
rf_current_config_threshold_050,random_forest,0.495,0.9331210191082803,0.5,1.0,0.0,0.0,0.0,0.0,0.6608158621810498,0.13292856586713583,293,0,21,0,0,0.0,False,fixed
rf_current_config_threshold_050,random_forest,0.5,0.9331210191082803,0.5,1.0,0.0,0.0,0.0,0.0,0.6608158621810498,0.13292856586713583,293,0,21,0,0,0.0,True,fixed
rf_current_config_threshold_050,random_forest,0.505,0.9331210191082803,0.5,1.0,0.0,0.0,0.0,0.0,0.6608158621810498,0.13292856586713583,293,0,21,0,0,0.0,False,fixed
rf_current_config_threshold_050,random_forest,0.51,0.9331210191082803,0.5,1.0,0.0,0.0,0.0,0.0,0.6608158621810498,0.13292856586713583,293,0,21,0,0,0.0,False,fixed
rf_current_config_threshold_050,random_forest,0.515,0.9331210191082803,0.5,1.0,0.0,0.0,0.0,0.0,0.6608158621810498,0.13292856586713583,293,0,21,0,0,0.0,False,fixed
rf_current_config_threshold_050,random_forest,0.52,0.9331210191082803,0.5,1.0,0.0,0.0,0.0,0.0,0.6608158621810498,0.13292856586713583,293,0,21,0,0,0.0,False,fixed
rf_current_config_threshold_050,random_forest,0.525,0.9331210191082803,0.5,1.0,0.0,0.0,0.0,0.0,0.6608158621810498,0.13292856586713583,293,0,21,0,0,0.0,False,fixed
rf_current_config_threshold_050,random_forest,0.53,0.9331210191082803,0.5,1.0,0.0,0.0,0.0,0.0,0.6608158621810498,0.13292856586713583,293,0,21,0,0,0.0,False,fixed
rf_current_config_threshold_050,random_forest,0.535,0.9331210191082803,0.5,1.0,0.0,0.0,0.0,0.0,0.6608158621810498,0.13292856586713583,293,0,21,0,0,0.0,False,fixed
rf_current_config_threshold_050,random_forest,0.54,0.9331210191082803,0.5,1.0,0.0,0.0,0.0,0.0,0.6608158621810498,0.13292856586713583,293,0,21,0,0,0.0,False,fixed
rf_current_config_threshold_050,random_forest,0.545,0.9331210191082803,0.5,1.0,0.0,0.0,0.0,0.0,0.6608158621810498,0.13292856586713583,293,0,21,0,0,0.0,False,fixed
rf_current_config_threshold_050,random_forest,0.55,0.9331210191082803,0.5,1.0,0.0,0.0,0.0,0.0,0.6608158621810498,0.13292856586713583,293,0,21,0,0,0.0,False,fixed
rf_current_config_threshold_050,random_forest,0.555,0.9331210191082803,0.5,1.0,0.0,0.0,0.0,0.0,0.6608158621810498,0.13292856586713583,293,0,21,0,0,0.0,False,fixed
rf_current_config_threshold_050,random_forest,0.56,0.9331210191082803,0.5,1.0,0.0,0.0,0.0,0.0,0.6608158621810498,0.13292856586713583,293,0,21,0,0,0.0,False,fixed
rf_current_config_threshold_050,random_forest,0.565,0.9331210191082803,0.5,1.0,0.0,0.0,0.0,0.0,0.6608158621810498,0.13292856586713583,293,0,21,0,0,0.0,False,fixed
rf_current_config_threshold_050,random_forest,0.57,0.9331210191082803,0.5,1.0,0.0,0.0,0.0,0.0,0.6608158621810498,0.13292856586713583,293,0,21,0,0,0.0,False,fixed
rf_current_config_threshold_050,random_forest,0.575,0.9331210191082803,0.5,1.0,0.0,0.0,0.0,0.0,0.6608158621810498,0.13292856586713583,293,0,21,0,0,0.0,False,fixed
rf_current_config_threshold_050,random_forest,0.58,0.9331210191082803,0.5,1.0,0.0,0.0,0.0,0.0,0.6608158621810498,0.13292856586713583,293,0,21,0,0,0.0,False,fixed
rf_current_config_threshold_050,random_forest,0.585,0.9331210191082803,0.5,1.0,0.0,0.0,0.0,0.0,0.6608158621810498,0.13292856586713583,293,0,21,0,0,0.0,False,fixed
rf_current_config_threshold_050,random_forest,0.59,0.9331210191082803,0.5,1.0,0.0,0.0,0.0,0.0,0.6608158621810498,0.13292856586713583,293,0,21,0,0,0.0,False,fixed
rf_current_config_threshold_050,random_forest,0.595,0.9331210191082803,0.5,1.0,0.0,0.0,0.0,0.0,0.6608158621810498,0.13292856586713583,293,0,21,0,0,0.0,False,fixed
rf_current_config_threshold_050,random_forest,0.6,0.9331210191082803,0.5,1.0,0.0,0.0,0.0,0.0,0.6608158621810498,0.13292856586713583,293,0,21,0,0,0.0,False,fixed
rf_current_config_threshold_050,random_forest,0.605,0.9331210191082803,0.5,1.0,0.0,0.0,0.0,0.0,0.6608158621810498,0.13292856586713583,293,0,21,0,0,0.0,False,fixed
rf_current_config_threshold_050,random_forest,0.61,0.9331210191082803,0.5,1.0,0.0,0.0,0.0,0.0,0.6608158621810498,0.13292856586713583,293,0,21,0,0,0.0,False,fixed
rf_current_config_threshold_050,random_forest,0.615,0.9331210191082803,0.5,1.0,0.0,0.0,0.0,0.0,0.6608158621810498,0.13292856586713583,293,0,21,0,0,0.0,False,fixed
rf_current_config_threshold_050,random_forest,0.62,0.9331210191082803,0.5,1.0,0.0,0.0,0.0,0.0,0.6608158621810498,0.13292856586713583,293,0,21,0,0,0.0,False,fixed
rf_current_config_threshold_050,random_forest,0.625,0.9331210191082803,0.5,1.0,0.0,0.0,0.0,0.0,0.6608158621810498,0.13292856586713583,293,0,21,0,0,0.0,False,fixed
rf_current_config_threshold_050,random_forest,0.63,0.9331210191082803,0.5,1.0,0.0,0.0,0.0,0.0,0.6608158621810498,0.13292856586713583,293,0,21,0,0,0.0,False,fixed
rf_current_config_threshold_050,random_forest,0.635,0.9331210191082803,0.5,1.0,0.0,0.0,0.0,0.0,0.6608158621810498,0.13292856586713583,293,0,21,0,0,0.0,False,fixed
rf_current_config_threshold_050,random_forest,0.64,0.9331210191082803,0.5,1.0,0.0,0.0,0.0,0.0,0.6608158621810498,0.13292856586713583,293,0,21,0,0,0.0,False,fixed
rf_current_config_threshold_050,random_forest,0.645,0.9331210191082803,0.5,1.0,0.0,0.0,0.0,0.0,0.6608158621810498,0.13292856586713583,293,0,21,0,0,0.0,False,fixed
rf_current_config_threshold_050,random_forest,0.65,0.9331210191082803,0.5,1.0,0.0,0.0,0.0,0.0,0.6608158621810498,0.13292856586713583,293,0,21,0,0,0.0,False,fixed
rf_current_config_threshold_050,random_forest,0.655,0.9331210191082803,0.5,1.0,0.0,0.0,0.0,0.0,0.6608158621810498,0.13292856586713583,293,0,21,0,0,0.0,False,fixed
rf_current_config_threshold_050,random_forest,0.66,0.9331210191082803,0.5,1.0,0.0,0.0,0.0,0.0,0.6608158621810498,0.13292856586713583,293,0,21,0,0,0.0,False,fixed
rf_current_config_threshold_050,random_forest,0.665,0.9331210191082803,0.5,1.0,0.0,0.0,0.0,0.0,0.6608158621810498,0.13292856586713583,293,0,21,0,0,0.0,False,fixed
rf_current_config_threshold_050,random_forest,0.67,0.9331210191082803,0.5,1.0,0.0,0.0,0.0,0.0,0.6608158621810498,0.13292856586713583,293,0,21,0,0,0.0,False,fixed
rf_current_config_threshold_050,random_forest,0.675,0.9331210191082803,0.5,1.0,0.0,0.0,0.0,0.0,0.6608158621810498,0.13292856586713583,293,0,21,0,0,0.0,False,fixed
rf_current_config_threshold_050,random_forest,0.68,0.9331210191082803,0.5,1.0,0.0,0.0,0.0,0.0,0.6608158621810498,0.13292856586713583,293,0,21,0,0,0.0,False,fixed
rf_current_config_threshold_050,random_forest,0.685,0.9331210191082803,0.5,1.0,0.0,0.0,0.0,0.0,0.6608158621810498,0.13292856586713583,293,0,21,0,0,0.0,False,fixed
rf_current_config_threshold_050,random_forest,0.69,0.9331210191082803,0.5,1.0,0.0,0.0,0.0,0.0,0.6608158621810498,0.13292856586713583,293,0,21,0,0,0.0,False,fixed
rf_current_config_threshold_050,random_forest,0.695,0.9331210191082803,0.5,1.0,0.0,0.0,0.0,0.0,0.6608158621810498,0.13292856586713583,293,0,21,0,0,0.0,False,fixed
rf_current_config_threshold_050,random_forest,0.7,0.9331210191082803,0.5,1.0,0.0,0.0,0.0,0.0,0.6608158621810498,0.13292856586713583,293,0,21,0,0,0.0,False,fixed
rf_current_config_threshold_050,random_forest,0.705,0.9331210191082803,0.5,1.0,0.0,0.0,0.0,0.0,0.6608158621810498,0.13292856586713583,293,0,21,0,0,0.0,False,fixed
rf_current_config_threshold_050,random_forest,0.71,0.9331210191082803,0.5,1.0,0.0,0.0,0.0,0.0,0.6608158621810498,0.13292856586713583,293,0,21,0,0,0.0,False,fixed
rf_current_config_threshold_050,random_forest,0.715,0.9331210191082803,0.5,1.0,0.0,0.0,0.0,0.0,0.6608158621810498,0.13292856586713583,293,0,21,0,0,0.0,False,fixed
rf_current_config_threshold_050,random_forest,0.72,0.9331210191082803,0.5,1.0,0.0,0.0,0.0,0.0,0.6608158621810498,0.13292856586713583,293,0,21,0,0,0.0,False,fixed
rf_current_config_threshold_050,random_forest,0.725,0.9331210191082803,0.5,1.0,0.0,0.0,0.0,0.0,0.6608158621810498,0.13292856586713583,293,0,21,0,0,0.0,False,fixed
rf_current_config_threshold_050,random_forest,0.73,0.9331210191082803,0.5,1.0,0.0,0.0,0.0,0.0,0.6608158621810498,0.13292856586713583,293,0,21,0,0,0.0,False,fixed
rf_current_config_threshold_050,random_forest,0.735,0.9331210191082803,0.5,1.0,0.0,0.0,0.0,0.0,0.6608158621810498,0.13292856586713583,293,0,21,0,0,0.0,False,fixed
rf_current_config_threshold_050,random_forest,0.74,0.9331210191082803,0.5,1.0,0.0,0.0,0.0,0.0,0.6608158621810498,0.13292856586713583,293,0,21,0,0,0.0,False,fixed
rf_current_config_threshold_050,random_forest,0.745,0.9331210191082803,0.5,1.0,0.0,0.0,0.0,0.0,0.6608158621810498,0.13292856586713583,293,0,21,0,0,0.0,False,fixed
rf_current_config_threshold_050,random_forest,0.75,0.9331210191082803,0.5,1.0,0.0,0.0,0.0,0.0,0.6608158621810498,0.13292856586713583,293,0,21,0,0,0.0,False,fixed
rf_current_config_threshold_050,random_forest,0.755,0.9331210191082803,0.5,1.0,0.0,0.0,0.0,0.0,0.6608158621810498,0.13292856586713583,293,0,21,0,0,0.0,False,fixed
rf_current_config_threshold_050,random_forest,0.76,0.9331210191082803,0.5,1.0,0.0,0.0,0.0,0.0,0.6608158621810498,0.13292856586713583,293,0,21,0,0,0.0,False,fixed
rf_current_config_threshold_050,random_forest,0.765,0.9331210191082803,0.5,1.0,0.0,0.0,0.0,0.0,0.6608158621810498,0.13292856586713583,293,0,21,0,0,0.0,False,fixed
rf_current_config_threshold_050,random_forest,0.77,0.9331210191082803,0.5,1.0,0.0,0.0,0.0,0.0,0.6608158621810498,0.13292856586713583,293,0,21,0,0,0.0,False,fixed
rf_current_config_threshold_050,random_forest,0.775,0.9331210191082803,0.5,1.0,0.0,0.0,0.0,0.0,0.6608158621810498,0.13292856586713583,293,0,21,0,0,0.0,False,fixed
rf_current_config_threshold_050,random_forest,0.78,0.9331210191082803,0.5,1.0,0.0,0.0,0.0,0.0,0.6608158621810498,0.13292856586713583,293,0,21,0,0,0.0,False,fixed
rf_current_config_threshold_050,random_forest,0.785,0.9331210191082803,0.5,1.0,0.0,0.0,0.0,0.0,0.6608158621810498,0.13292856586713583,293,0,21,0,0,0.0,False,fixed
rf_current_config_threshold_050,random_forest,0.79,0.9331210191082803,0.5,1.0,0.0,0.0,0.0,0.0,0.6608158621810498,0.13292856586713583,293,0,21,0,0,0.0,False,fixed
rf_current_config_threshold_050,random_forest,0.795,0.9331210191082803,0.5,1.0,0.0,0.0,0.0,0.0,0.6608158621810498,0.13292856586713583,293,0,21,0,0,0.0,False,fixed
rf_current_config_threshold_050,random_forest,0.8,0.9331210191082803,0.5,1.0,0.0,0.0,0.0,0.0,0.6608158621810498,0.13292856586713583,293,0,21,0,0,0.0,False,fixed
rf_current_config_threshold_050,random_forest,0.805,0.9331210191082803,0.5,1.0,0.0,0.0,0.0,0.0,0.6608158621810498,0.13292856586713583,293,0,21,0,0,0.0,False,fixed
rf_current_config_threshold_050,random_forest,0.81,0.9331210191082803,0.5,1.0,0.0,0.0,0.0,0.0,0.6608158621810498,0.13292856586713583,293,0,21,0,0,0.0,False,fixed
rf_current_config_threshold_050,random_forest,0.815,0.9331210191082803,0.5,1.0,0.0,0.0,0.0,0.0,0.6608158621810498,0.13292856586713583,293,0,21,0,0,0.0,False,fixed
rf_current_config_threshold_050,random_forest,0.82,0.9331210191082803,0.5,1.0,0.0,0.0,0.0,0.0,0.6608158621810498,0.13292856586713583,293,0,21,0,0,0.0,False,fixed
rf_current_config_threshold_050,random_forest,0.825,0.9331210191082803,0.5,1.0,0.0,0.0,0.0,0.0,0.6608158621810498,0.13292856586713583,293,0,21,0,0,0.0,False,fixed
rf_current_config_threshold_050,random_forest,0.83,0.9331210191082803,0.5,1.0,0.0,0.0,0.0,0.0,0.6608158621810498,0.13292856586713583,293,0,21,0,0,0.0,False,fixed
rf_current_config_threshold_050,random_forest,0.835,0.9331210191082803,0.5,1.0,0.0,0.0,0.0,0.0,0.6608158621810498,0.13292856586713583,293,0,21,0,0,0.0,False,fixed
rf_current_config_threshold_050,random_forest,0.84,0.9331210191082803,0.5,1.0,0.0,0.0,0.0,0.0,0.6608158621810498,0.13292856586713583,293,0,21,0,0,0.0,False,fixed
rf_current_config_threshold_050,random_forest,0.845,0.9331210191082803,0.5,1.0,0.0,0.0,0.0,0.0,0.6608158621810498,0.13292856586713583,293,0,21,0,0,0.0,False,fixed
rf_current_config_threshold_050,random_forest,0.85,0.9331210191082803,0.5,1.0,0.0,0.0,0.0,0.0,0.6608158621810498,0.13292856586713583,293,0,21,0,0,0.0,False,fixed
rf_current_config_threshold_050,random_forest,0.855,0.9331210191082803,0.5,1.0,0.0,0.0,0.0,0.0,0.6608158621810498,0.13292856586713583,293,0,21,0,0,0.0,False,fixed
rf_current_config_threshold_050,random_forest,0.86,0.9331210191082803,0.5,1.0,0.0,0.0,0.0,0.0,0.6608158621810498,0.13292856586713583,293,0,21,0,0,0.0,False,fixed
rf_current_config_threshold_050,random_forest,0.865,0.9331210191082803,0.5,1.0,0.0,0.0,0.0,0.0,0.6608158621810498,0.13292856586713583,293,0,21,0,0,0.0,False,fixed
rf_current_config_threshold_050,random_forest,0.87,0.9331210191082803,0.5,1.0,0.0,0.0,0.0,0.0,0.6608158621810498,0.13292856586713583,293,0,21,0,0,0.0,False,fixed
rf_current_config_threshold_050,random_forest,0.875,0.9331210191082803,0.5,1.0,0.0,0.0,0.0,0.0,0.6608158621810498,0.13292856586713583,293,0,21,0,0,0.0,False,fixed
rf_current_config_threshold_050,random_forest,0.88,0.9331210191082803,0.5,1.0,0.0,0.0,0.0,0.0,0.6608158621810498,0.13292856586713583,293,0,21,0,0,0.0,False,fixed
rf_current_config_threshold_050,random_forest,0.885,0.9331210191082803,0.5,1.0,0.0,0.0,0.0,0.0,0.6608158621810498,0.13292856586713583,293,0,21,0,0,0.0,False,fixed
rf_current_config_threshold_050,random_forest,0.89,0.9331210191082803,0.5,1.0,0.0,0.0,0.0,0.0,0.6608158621810498,0.13292856586713583,293,0,21,0,0,0.0,False,fixed
rf_current_config_threshold_050,random_forest,0.895,0.9331210191082803,0.5,1.0,0.0,0.0,0.0,0.0,0.6608158621810498,0.13292856586713583,293,0,21,0,0,0.0,False,fixed
rf_current_config_threshold_050,random_forest,0.9,0.9331210191082803,0.5,1.0,0.0,0.0,0.0,0.0,0.6608158621810498,0.13292856586713583,293,0,21,0,0,0.0,False,fixed
rf_current_config_threshold_050,random_forest,0.905,0.9331210191082803,0.5,1.0,0.0,0.0,0.0,0.0,0.6608158621810498,0.13292856586713583,293,0,21,0,0,0.0,False,fixed
rf_current_config_threshold_050,random_forest,0.91,0.9331210191082803,0.5,1.0,0.0,0.0,0.0,0.0,0.6608158621810498,0.13292856586713583,293,0,21,0,0,0.0,False,fixed
rf_current_config_threshold_050,random_forest,0.915,0.9331210191082803,0.5,1.0,0.0,0.0,0.0,0.0,0.6608158621810498,0.13292856586713583,293,0,21,0,0,0.0,False,fixed
rf_current_config_threshold_050,random_forest,0.92,0.9331210191082803,0.5,1.0,0.0,0.0,0.0,0.0,0.6608158621810498,0.13292856586713583,293,0,21,0,0,0.0,False,fixed
rf_current_config_threshold_050,random_forest,0.925,0.9331210191082803,0.5,1.0,0.0,0.0,0.0,0.0,0.6608158621810498,0.13292856586713583,293,0,21,0,0,0.0,False,fixed
rf_current_config_threshold_050,random_forest,0.93,0.9331210191082803,0.5,1.0,0.0,0.0,0.0,0.0,0.6608158621810498,0.13292856586713583,293,0,21,0,0,0.0,False,fixed
rf_current_config_threshold_050,random_forest,0.935,0.9331210191082803,0.5,1.0,0.0,0.0,0.0,0.0,0.6608158621810498,0.13292856586713583,293,0,21,0,0,0.0,False,fixed
rf_current_config_threshold_050,random_forest,0.94,0.9331210191082803,0.5,1.0,0.0,0.0,0.0,0.0,0.6608158621810498,0.13292856586713583,293,0,21,0,0,0.0,False,fixed
rf_current_config_threshold_050,random_forest,0.945,0.9331210191082803,0.5,1.0,0.0,0.0,0.0,0.0,0.6608158621810498,0.13292856586713583,293,0,21,0,0,0.0,False,fixed
rf_current_config_threshold_050,random_forest,0.95,0.9331210191082803,0.5,1.0,0.0,0.0,0.0,0.0,0.6608158621810498,0.13292856586713583,293,0,21,0,0,0.0,False,fixed
rf_current_config_threshold_tuned,random_forest,0.05,0.21337579617834396,0.5784982935153584,0.15699658703071673,0.07835820895522388,1.0,0.1453287197231834,0.29829545454545453,0.6608158621810498,0.13292856586713583,46,247,0,21,268,0.8535031847133758,False,validation_f2
rf_current_config_threshold_tuned,random_forest,0.055,0.27070063694267515,0.6092150170648464,0.21843003412969283,0.084,1.0,0.15498154981549817,0.3143712574850299,0.6608158621810498,0.13292856586713583,64,229,0,21,250,0.7961783439490446,False,validation_f2
rf_current_config_threshold_tuned,random_forest,0.06,0.3343949044585987,0.5770355923939541,0.29692832764505117,0.08035714285714286,0.8571428571428571,0.1469387755102041,0.2922077922077922,0.6608158621810498,0.13292856586713583,87,206,3,18,224,0.7133757961783439,False,validation_f2
rf_current_config_threshold_tuned,random_forest,0.065,0.36942675159235666,0.573703884284089,0.3378839590443686,0.08056872037914692,0.8095238095238095,0.14655172413793102,0.288135593220339,0.6608158621810498,0.13292856586713583,99,194,4,17,211,0.6719745222929936,False,validation_f2
rf_current_config_threshold_tuned,random_forest,0.07,0.40445859872611467,0.570372176174224,0.378839590443686,0.08080808080808081,0.7619047619047619,0.1461187214611872,0.28368794326241137,0.6608158621810498,0.13292856586713583,111,182,5,16,198,0.6305732484076433,False,validation_f2
rf_current_config_threshold_tuned,random_forest,0.075,0.44904458598726116,0.5721599219892736,0.4300341296928328,0.08241758241758242,0.7142857142857143,0.1477832512315271,0.2819548872180451,0.6608158621810498,0.13292856586713583,126,167,6,15,182,0.5796178343949044,False,validation_f2
rf_current_config_threshold_tuned,random_forest,0.08,0.5,0.5994636762554851,0.48464163822525597,0.09036144578313253,0.7142857142857143,0.16042780748663102,0.3,0.6608158621810498,0.13292856586713583,142,151,6,15,166,0.5286624203821656,False,validation_f2
rf_current_config_threshold_tuned,random_forest,0.085,0.5477707006369427,0.6029579067121729,0.5392491467576792,0.09395973154362416,0.6666666666666666,0.16470588235294117,0.30042918454935624,0.6608158621810498,0.13292856586713583,158,135,7,14,149,0.4745222929936306,False,validation_f2
rf_current_config_threshold_tuned,random_forest,0.09,0.5796178343949044,0.5979197139606696,0.5767918088737202,0.0948905109489051,0.6190476190476191,0.16455696202531644,0.29411764705882354,0.6608158621810498,0.13292856586713583,169,124,8,13,137,0.43630573248407645,False,validation_f2
rf_current_config_threshold_tuned,random_forest,0.095,0.6210191082802548,0.5980009751340809,0.6245733788395904,0.09836065573770492,0.5714285714285714,0.16783216783216784,0.2912621359223301,0.6608158621810498,0.13292856586713583,183,110,9,12,122,0.3885350318471338,False,validation_f2
rf_current_config_threshold_tuned,random_forest,0.1,0.6464968152866242,0.6116528522671867,0.6518771331058021,0.10526315789473684,0.5714285714285714,0.17777777777777778,0.30303030303030304,0.6608158621810498,0.13292856586713583,191,102,9,12,114,0.3630573248407643,False,validation_f2
rf_current_config_threshold_tuned,random_forest,0.105,0.6751592356687898,0.6270112140419308,0.6825938566552902,0.11428571428571428,0.5714285714285714,0.19047619047619047,0.31746031746031744,0.6608158621810498,0.13292856586713583,200,93,9,12,105,0.3343949044585987,False,validation_f2
rf_current_config_threshold_tuned,random_forest,0.11,0.7101910828025477,0.6457825450999513,0.7201365187713311,0.1276595744680851,0.5714285714285714,0.20869565217391303,0.33707865168539325,0.6608158621810498,0.13292856586713583,211,82,9,12,94,0.29936305732484075,True,validation_f2
rf_current_config_threshold_tuned,random_forest,0.115,0.7229299363057324,0.608402405330733,0.7406143344709898,0.11627906976744186,0.47619047619047616,0.18691588785046728,0.29411764705882354,0.6608158621810498,0.13292856586713583,217,76,11,10,86,0.27388535031847133,False,validation_f2
rf_current_config_threshold_tuned,random_forest,0.12,0.7388535031847133,0.616934828538924,0.757679180887372,0.12345679012345678,0.47619047619047616,0.19607843137254902,0.30303030303030304,0.6608158621810498,0.13292856586713583,222,71,11,10,81,0.25796178343949044,False,validation_f2
rf_current_config_threshold_tuned,random_forest,0.125,0.7515923566878981,0.5795546887697058,0.7781569965870307,0.1095890410958904,0.38095238095238093,0.1702127659574468,0.25477707006369427,0.6608158621810498,0.13292856586713583,228,65,13,8,73,0.23248407643312102,False,validation_f2
rf_current_config_threshold_tuned,random_forest,0.13,0.7866242038216561,0.5983260198277263,0.8156996587030717,0.12903225806451613,0.38095238095238093,0.1927710843373494,0.273972602739726,0.6608158621810498,0.13292856586713583,239,54,13,8,62,0.19745222929936307,False,validation_f2
rf_current_config_threshold_tuned,random_forest,0.135,0.802547770700637,0.6068584430359174,0.8327645051194539,0.14035087719298245,0.38095238095238093,0.20512820512820512,0.28368794326241137,0.6608158621810498,0.13292856586713583,244,49,13,8,57,0.18152866242038215,False,validation_f2
rf_current_config_threshold_tuned,random_forest,0.14,0.8152866242038217,0.5915813424345847,0.8498293515358362,0.13725490196078433,0.3333333333333333,0.19444444444444445,0.25925925925925924,0.6608158621810498,0.13292856586713583,249,44,14,7,51,0.1624203821656051,False,validation_f2
rf_current_config_threshold_tuned,random_forest,0.145,0.8407643312101911,0.583130180399805,0.8805460750853242,0.14634146341463414,0.2857142857142857,0.1935483870967742,0.24,0.6608158621810498,0.13292856586713583,258,35,15,6,41,0.1305732484076433,False,validation_f2
rf_current_config_threshold_tuned,random_forest,0.15,0.8535031847133758,0.5678530797984723,0.8976109215017065,0.14285714285714285,0.23809523809523808,0.17857142857142858,0.21008403361344538,0.6608158621810498,0.13292856586713583,263,30,16,5,35,0.11146496815286625,False,validation_f2
rf_current_config_threshold_tuned,random_forest,0.155,0.8535031847133758,0.5457500406305866,0.9010238907849829,0.12121212121212122,0.19047619047619047,0.14814814814814814,0.17094017094017094,0.6608158621810498,0.13292856586713583,264,29,17,4,33,0.10509554140127389,False,validation_f2
rf_current_config_threshold_tuned,random_forest,0.16,0.8630573248407644,0.5508694945555014,0.9112627986348123,0.13333333333333333,0.19047619047619047,0.1568627450980392,0.17543859649122806,0.6608158621810498,0.13292856586713583,267,26,17,4,30,0.09554140127388536,False,validation_f2
rf_current_config_threshold_tuned,random_forest,0.165,0.8821656050955414,0.5611084024053308,0.931740614334471,0.16666666666666666,0.19047619047619047,0.17777777777777778,0.18518518518518517,0.6608158621810498,0.13292856586713583,273,20,17,4,24,0.07643312101910828,False,validation_f2
rf_current_config_threshold_tuned,random_forest,0.17,0.8885350318471338,0.5645213716886072,0.9385665529010239,0.18181818181818182,0.19047619047619047,0.18604651162790697,0.18867924528301888,0.6608158621810498,0.13292856586713583,275,18,17,4,22,0.07006369426751592,False,validation_f2
rf_current_config_threshold_tuned,random_forest,0.175,0.8853503184713376,0.5407118478790833,0.9385665529010239,0.14285714285714285,0.14285714285714285,0.14285714285714285,0.14285714285714285,0.6608158621810498,0.13292856586713583,275,18,18,3,21,0.06687898089171974,False,validation_f2
rf_current_config_threshold_tuned,random_forest,0.18,0.8853503184713376,0.5186088087111977,0.9419795221843004,0.10526315789473684,0.09523809523809523,0.1,0.0970873786407767,0.6608158621810498,0.13292856586713583,276,17,19,2,19,0.06050955414012739,False,validation_f2
rf_current_config_threshold_tuned,random_forest,0.185,0.8980891719745223,0.5254347472777507,0.9556313993174061,0.13333333333333333,0.09523809523809523,0.1111111111111111,0.10101010101010101,0.6608158621810498,0.13292856586713583,280,13,19,2,15,0.04777070063694268,False,validation_f2
rf_current_config_threshold_tuned,random_forest,0.19,0.8980891719745223,0.5254347472777507,0.9556313993174061,0.13333333333333333,0.09523809523809523,0.1111111111111111,0.10101010101010101,0.6608158621810498,0.13292856586713583,280,13,19,2,15,0.04777070063694268,False,validation_f2
rf_current_config_threshold_tuned,random_forest,0.195,0.8980891719745223,0.5254347472777507,0.9556313993174061,0.13333333333333333,0.09523809523809523,0.1111111111111111,0.10101010101010101,0.6608158621810498,0.13292856586713583,280,13,19,2,15,0.04777070063694268,False,validation_f2
rf_current_config_threshold_tuned,random_forest,0.2,0.9044585987261147,0.5288477165610271,0.962457337883959,0.15384615384615385,0.09523809523809523,0.11764705882352941,0.10309278350515463,0.6608158621810498,0.13292856586713583,282,11,19,2,13,0.041401273885350316,False,validation_f2
rf_current_config_threshold_tuned,random_forest,0.205,0.910828025477707,0.5322606858443035,0.9692832764505119,0.18181818181818182,0.09523809523809523,0.125,0.10526315789473684,0.6608158621810498,0.13292856586713583,284,9,19,2,11,0.03503184713375796,False,validation_f2
rf_current_config_threshold_tuned,random_forest,0.21,0.9140127388535032,0.5339671704859419,0.9726962457337884,0.2,0.09523809523809523,0.12903225806451613,0.10638297872340426,0.6608158621810498,0.13292856586713583,285,8,19,2,10,0.03184713375796178,False,validation_f2
rf_current_config_threshold_tuned,random_forest,0.215,0.9171974522292994,0.53567365512758,0.9761092150170648,0.2222222222222222,0.09523809523809523,0.13333333333333333,0.10752688172043011,0.6608158621810498,0.13292856586713583,286,7,19,2,9,0.028662420382165606,False,validation_f2
rf_current_config_threshold_tuned,random_forest,0.22,0.9171974522292994,0.53567365512758,0.9761092150170648,0.2222222222222222,0.09523809523809523,0.13333333333333333,0.10752688172043011,0.6608158621810498,0.13292856586713583,286,7,19,2,9,0.028662420382165606,False,validation_f2
rf_current_config_threshold_tuned,random_forest,0.225,0.9235668789808917,0.5390866244108565,0.9829351535836177,0.2857142857142857,0.09523809523809523,0.14285714285714285,0.10989010989010989,0.6608158621810498,0.13292856586713583,288,5,19,2,7,0.022292993630573247,False,validation_f2
rf_current_config_threshold_tuned,random_forest,0.23,0.9267515923566879,0.5407931090524947,0.9863481228668942,0.3333333333333333,0.09523809523809523,0.14814814814814814,0.1111111111111111,0.6608158621810498,0.13292856586713583,289,4,19,2,6,0.01910828025477707,False,validation_f2
rf_current_config_threshold_tuned,random_forest,0.235,0.9267515923566879,0.5407931090524947,0.9863481228668942,0.3333333333333333,0.09523809523809523,0.14814814814814814,0.1111111111111111,0.6608158621810498,0.13292856586713583,289,4,19,2,6,0.01910828025477707,False,validation_f2
rf_current_config_threshold_tuned,random_forest,0.24,0.9267515923566879,0.5407931090524947,0.9863481228668942,0.3333333333333333,0.09523809523809523,0.14814814814814814,0.1111111111111111,0.6608158621810498,0.13292856586713583,289,4,19,2,6,0.01910828025477707,False,validation_f2
rf_current_config_threshold_tuned,random_forest,0.245,0.9267515923566879,0.5186900698846091,0.9897610921501706,0.25,0.047619047619047616,0.08,0.056818181818181816,0.6608158621810498,0.13292856586713583,290,3,20,1,4,0.012738853503184714,False,validation_f2
rf_current_config_threshold_tuned,random_forest,0.25,0.9267515923566879,0.49658703071672355,0.9931740614334471,0.0,0.0,0.0,0.0,0.6608158621810498,0.13292856586713583,291,2,21,0,2,0.006369426751592357,False,validation_f2
rf_current_config_threshold_tuned,random_forest,0.255,0.9267515923566879,0.49658703071672355,0.9931740614334471,0.0,0.0,0.0,0.0,0.6608158621810498,0.13292856586713583,291,2,21,0,2,0.006369426751592357,False,validation_f2
rf_current_config_threshold_tuned,random_forest,0.26,0.9267515923566879,0.49658703071672355,0.9931740614334471,0.0,0.0,0.0,0.0,0.6608158621810498,0.13292856586713583,291,2,21,0,2,0.006369426751592357,False,validation_f2
rf_current_config_threshold_tuned,random_forest,0.265,0.9267515923566879,0.49658703071672355,0.9931740614334471,0.0,0.0,0.0,0.0,0.6608158621810498,0.13292856586713583,291,2,21,0,2,0.006369426751592357,False,validation_f2
rf_current_config_threshold_tuned,random_forest,0.27,0.9267515923566879,0.49658703071672355,0.9931740614334471,0.0,0.0,0.0,0.0,0.6608158621810498,0.13292856586713583,291,2,21,0,2,0.006369426751592357,False,validation_f2
rf_current_config_threshold_tuned,random_forest,0.275,0.9299363057324841,0.49829351535836175,0.9965870307167235,0.0,0.0,0.0,0.0,0.6608158621810498,0.13292856586713583,292,1,21,0,1,0.0031847133757961785,False,validation_f2
rf_current_config_threshold_tuned,random_forest,0.28,0.9299363057324841,0.49829351535836175,0.9965870307167235,0.0,0.0,0.0,0.0,0.6608158621810498,0.13292856586713583,292,1,21,0,1,0.0031847133757961785,False,validation_f2
rf_current_config_threshold_tuned,random_forest,0.285,0.9299363057324841,0.49829351535836175,0.9965870307167235,0.0,0.0,0.0,0.0,0.6608158621810498,0.13292856586713583,292,1,21,0,1,0.0031847133757961785,False,validation_f2
rf_current_config_threshold_tuned,random_forest,0.29,0.9299363057324841,0.49829351535836175,0.9965870307167235,0.0,0.0,0.0,0.0,0.6608158621810498,0.13292856586713583,292,1,21,0,1,0.0031847133757961785,False,validation_f2
rf_current_config_threshold_tuned,random_forest,0.295,0.9331210191082803,0.5,1.0,0.0,0.0,0.0,0.0,0.6608158621810498,0.13292856586713583,293,0,21,0,0,0.0,False,validation_f2
rf_current_config_threshold_tuned,random_forest,0.3,0.9331210191082803,0.5,1.0,0.0,0.0,0.0,0.0,0.6608158621810498,0.13292856586713583,293,0,21,0,0,0.0,False,validation_f2
rf_current_config_threshold_tuned,random_forest,0.305,0.9331210191082803,0.5,1.0,0.0,0.0,0.0,0.0,0.6608158621810498,0.13292856586713583,293,0,21,0,0,0.0,False,validation_f2
rf_current_config_threshold_tuned,random_forest,0.31,0.9331210191082803,0.5,1.0,0.0,0.0,0.0,0.0,0.6608158621810498,0.13292856586713583,293,0,21,0,0,0.0,False,validation_f2
rf_current_config_threshold_tuned,random_forest,0.315,0.9331210191082803,0.5,1.0,0.0,0.0,0.0,0.0,0.6608158621810498,0.13292856586713583,293,0,21,0,0,0.0,False,validation_f2
rf_current_config_threshold_tuned,random_forest,0.32,0.9331210191082803,0.5,1.0,0.0,0.0,0.0,0.0,0.6608158621810498,0.13292856586713583,293,0,21,0,0,0.0,False,validation_f2
rf_current_config_threshold_tuned,random_forest,0.325,0.9331210191082803,0.5,1.0,0.0,0.0,0.0,0.0,0.6608158621810498,0.13292856586713583,293,0,21,0,0,0.0,False,validation_f2
rf_current_config_threshold_tuned,random_forest,0.33,0.9331210191082803,0.5,1.0,0.0,0.0,0.0,0.0,0.6608158621810498,0.13292856586713583,293,0,21,0,0,0.0,False,validation_f2
rf_current_config_threshold_tuned,random_forest,0.335,0.9331210191082803,0.5,1.0,0.0,0.0,0.0,0.0,0.6608158621810498,0.13292856586713583,293,0,21,0,0,0.0,False,validation_f2
rf_current_config_threshold_tuned,random_forest,0.34,0.9331210191082803,0.5,1.0,0.0,0.0,0.0,0.0,0.6608158621810498,0.13292856586713583,293,0,21,0,0,0.0,False,validation_f2
rf_current_config_threshold_tuned,random_forest,0.345,0.9331210191082803,0.5,1.0,0.0,0.0,0.0,0.0,0.6608158621810498,0.13292856586713583,293,0,21,0,0,0.0,False,validation_f2
rf_current_config_threshold_tuned,random_forest,0.35,0.9331210191082803,0.5,1.0,0.0,0.0,0.0,0.0,0.6608158621810498,0.13292856586713583,293,0,21,0,0,0.0,False,validation_f2
rf_current_config_threshold_tuned,random_forest,0.355,0.9331210191082803,0.5,1.0,0.0,0.0,0.0,0.0,0.6608158621810498,0.13292856586713583,293,0,21,0,0,0.0,False,validation_f2
rf_current_config_threshold_tuned,random_forest,0.36,0.9331210191082803,0.5,1.0,0.0,0.0,0.0,0.0,0.6608158621810498,0.13292856586713583,293,0,21,0,0,0.0,False,validation_f2
rf_current_config_threshold_tuned,random_forest,0.365,0.9331210191082803,0.5,1.0,0.0,0.0,0.0,0.0,0.6608158621810498,0.13292856586713583,293,0,21,0,0,0.0,False,validation_f2
rf_current_config_threshold_tuned,random_forest,0.37,0.9331210191082803,0.5,1.0,0.0,0.0,0.0,0.0,0.6608158621810498,0.13292856586713583,293,0,21,0,0,0.0,False,validation_f2
rf_current_config_threshold_tuned,random_forest,0.375,0.9331210191082803,0.5,1.0,0.0,0.0,0.0,0.0,0.6608158621810498,0.13292856586713583,293,0,21,0,0,0.0,False,validation_f2
rf_current_config_threshold_tuned,random_forest,0.38,0.9331210191082803,0.5,1.0,0.0,0.0,0.0,0.0,0.6608158621810498,0.13292856586713583,293,0,21,0,0,0.0,False,validation_f2
rf_current_config_threshold_tuned,random_forest,0.385,0.9331210191082803,0.5,1.0,0.0,0.0,0.0,0.0,0.6608158621810498,0.13292856586713583,293,0,21,0,0,0.0,False,validation_f2
rf_current_config_threshold_tuned,random_forest,0.39,0.9331210191082803,0.5,1.0,0.0,0.0,0.0,0.0,0.6608158621810498,0.13292856586713583,293,0,21,0,0,0.0,False,validation_f2
rf_current_config_threshold_tuned,random_forest,0.395,0.9331210191082803,0.5,1.0,0.0,0.0,0.0,0.0,0.6608158621810498,0.13292856586713583,293,0,21,0,0,0.0,False,validation_f2
rf_current_config_threshold_tuned,random_forest,0.4,0.9331210191082803,0.5,1.0,0.0,0.0,0.0,0.0,0.6608158621810498,0.13292856586713583,293,0,21,0,0,0.0,False,validation_f2
rf_current_config_threshold_tuned,random_forest,0.405,0.9331210191082803,0.5,1.0,0.0,0.0,0.0,0.0,0.6608158621810498,0.13292856586713583,293,0,21,0,0,0.0,False,validation_f2
rf_current_config_threshold_tuned,random_forest,0.41,0.9331210191082803,0.5,1.0,0.0,0.0,0.0,0.0,0.6608158621810498,0.13292856586713583,293,0,21,0,0,0.0,False,validation_f2
rf_current_config_threshold_tuned,random_forest,0.415,0.9331210191082803,0.5,1.0,0.0,0.0,0.0,0.0,0.6608158621810498,0.13292856586713583,293,0,21,0,0,0.0,False,validation_f2
rf_current_config_threshold_tuned,random_forest,0.42,0.9331210191082803,0.5,1.0,0.0,0.0,0.0,0.0,0.6608158621810498,0.13292856586713583,293,0,21,0,0,0.0,False,validation_f2
rf_current_config_threshold_tuned,random_forest,0.425,0.9331210191082803,0.5,1.0,0.0,0.0,0.0,0.0,0.6608158621810498,0.13292856586713583,293,0,21,0,0,0.0,False,validation_f2
rf_current_config_threshold_tuned,random_forest,0.43,0.9331210191082803,0.5,1.0,0.0,0.0,0.0,0.0,0.6608158621810498,0.13292856586713583,293,0,21,0,0,0.0,False,validation_f2
rf_current_config_threshold_tuned,random_forest,0.435,0.9331210191082803,0.5,1.0,0.0,0.0,0.0,0.0,0.6608158621810498,0.13292856586713583,293,0,21,0,0,0.0,False,validation_f2
rf_current_config_threshold_tuned,random_forest,0.44,0.9331210191082803,0.5,1.0,0.0,0.0,0.0,0.0,0.6608158621810498,0.13292856586713583,293,0,21,0,0,0.0,False,validation_f2
rf_current_config_threshold_tuned,random_forest,0.445,0.9331210191082803,0.5,1.0,0.0,0.0,0.0,0.0,0.6608158621810498,0.13292856586713583,293,0,21,0,0,0.0,False,validation_f2
rf_current_config_threshold_tuned,random_forest,0.45,0.9331210191082803,0.5,1.0,0.0,0.0,0.0,0.0,0.6608158621810498,0.13292856586713583,293,0,21,0,0,0.0,False,validation_f2
rf_current_config_threshold_tuned,random_forest,0.455,0.9331210191082803,0.5,1.0,0.0,0.0,0.0,0.0,0.6608158621810498,0.13292856586713583,293,0,21,0,0,0.0,False,validation_f2
rf_current_config_threshold_tuned,random_forest,0.46,0.9331210191082803,0.5,1.0,0.0,0.0,0.0,0.0,0.6608158621810498,0.13292856586713583,293,0,21,0,0,0.0,False,validation_f2
rf_current_config_threshold_tuned,random_forest,0.465,0.9331210191082803,0.5,1.0,0.0,0.0,0.0,0.0,0.6608158621810498,0.13292856586713583,293,0,21,0,0,0.0,False,validation_f2
rf_current_config_threshold_tuned,random_forest,0.47,0.9331210191082803,0.5,1.0,0.0,0.0,0.0,0.0,0.6608158621810498,0.13292856586713583,293,0,21,0,0,0.0,False,validation_f2
rf_current_config_threshold_tuned,random_forest,0.475,0.9331210191082803,0.5,1.0,0.0,0.0,0.0,0.0,0.6608158621810498,0.13292856586713583,293,0,21,0,0,0.0,False,validation_f2
rf_current_config_threshold_tuned,random_forest,0.48,0.9331210191082803,0.5,1.0,0.0,0.0,0.0,0.0,0.6608158621810498,0.13292856586713583,293,0,21,0,0,0.0,False,validation_f2
rf_current_config_threshold_tuned,random_forest,0.485,0.9331210191082803,0.5,1.0,0.0,0.0,0.0,0.0,0.6608158621810498,0.13292856586713583,293,0,21,0,0,0.0,False,validation_f2
rf_current_config_threshold_tuned,random_forest,0.49,0.9331210191082803,0.5,1.0,0.0,0.0,0.0,0.0,0.6608158621810498,0.13292856586713583,293,0,21,0,0,0.0,False,validation_f2
rf_current_config_threshold_tuned,random_forest,0.495,0.9331210191082803,0.5,1.0,0.0,0.0,0.0,0.0,0.6608158621810498,0.13292856586713583,293,0,21,0,0,0.0,False,validation_f2
rf_current_config_threshold_tuned,random_forest,0.5,0.9331210191082803,0.5,1.0,0.0,0.0,0.0,0.0,0.6608158621810498,0.13292856586713583,293,0,21,0,0,0.0,False,validation_f2
rf_current_config_threshold_tuned,random_forest,0.505,0.9331210191082803,0.5,1.0,0.0,0.0,0.0,0.0,0.6608158621810498,0.13292856586713583,293,0,21,0,0,0.0,False,validation_f2
rf_current_config_threshold_tuned,random_forest,0.51,0.9331210191082803,0.5,1.0,0.0,0.0,0.0,0.0,0.6608158621810498,0.13292856586713583,293,0,21,0,0,0.0,False,validation_f2
rf_current_config_threshold_tuned,random_forest,0.515,0.9331210191082803,0.5,1.0,0.0,0.0,0.0,0.0,0.6608158621810498,0.13292856586713583,293,0,21,0,0,0.0,False,validation_f2
rf_current_config_threshold_tuned,random_forest,0.52,0.9331210191082803,0.5,1.0,0.0,0.0,0.0,0.0,0.6608158621810498,0.13292856586713583,293,0,21,0,0,0.0,False,validation_f2
rf_current_config_threshold_tuned,random_forest,0.525,0.9331210191082803,0.5,1.0,0.0,0.0,0.0,0.0,0.6608158621810498,0.13292856586713583,293,0,21,0,0,0.0,False,validation_f2
rf_current_config_threshold_tuned,random_forest,0.53,0.9331210191082803,0.5,1.0,0.0,0.0,0.0,0.0,0.6608158621810498,0.13292856586713583,293,0,21,0,0,0.0,False,validation_f2
rf_current_config_threshold_tuned,random_forest,0.535,0.9331210191082803,0.5,1.0,0.0,0.0,0.0,0.0,0.6608158621810498,0.13292856586713583,293,0,21,0,0,0.0,False,validation_f2
rf_current_config_threshold_tuned,random_forest,0.54,0.9331210191082803,0.5,1.0,0.0,0.0,0.0,0.0,0.6608158621810498,0.13292856586713583,293,0,21,0,0,0.0,False,validation_f2
rf_current_config_threshold_tuned,random_forest,0.545,0.9331210191082803,0.5,1.0,0.0,0.0,0.0,0.0,0.6608158621810498,0.13292856586713583,293,0,21,0,0,0.0,False,validation_f2
rf_current_config_threshold_tuned,random_forest,0.55,0.9331210191082803,0.5,1.0,0.0,0.0,0.0,0.0,0.6608158621810498,0.13292856586713583,293,0,21,0,0,0.0,False,validation_f2
rf_current_config_threshold_tuned,random_forest,0.555,0.9331210191082803,0.5,1.0,0.0,0.0,0.0,0.0,0.6608158621810498,0.13292856586713583,293,0,21,0,0,0.0,False,validation_f2
rf_current_config_threshold_tuned,random_forest,0.56,0.9331210191082803,0.5,1.0,0.0,0.0,0.0,0.0,0.6608158621810498,0.13292856586713583,293,0,21,0,0,0.0,False,validation_f2
rf_current_config_threshold_tuned,random_forest,0.565,0.9331210191082803,0.5,1.0,0.0,0.0,0.0,0.0,0.6608158621810498,0.13292856586713583,293,0,21,0,0,0.0,False,validation_f2
rf_current_config_threshold_tuned,random_forest,0.57,0.9331210191082803,0.5,1.0,0.0,0.0,0.0,0.0,0.6608158621810498,0.13292856586713583,293,0,21,0,0,0.0,False,validation_f2
rf_current_config_threshold_tuned,random_forest,0.575,0.9331210191082803,0.5,1.0,0.0,0.0,0.0,0.0,0.6608158621810498,0.13292856586713583,293,0,21,0,0,0.0,False,validation_f2
rf_current_config_threshold_tuned,random_forest,0.58,0.9331210191082803,0.5,1.0,0.0,0.0,0.0,0.0,0.6608158621810498,0.13292856586713583,293,0,21,0,0,0.0,False,validation_f2
rf_current_config_threshold_tuned,random_forest,0.585,0.9331210191082803,0.5,1.0,0.0,0.0,0.0,0.0,0.6608158621810498,0.13292856586713583,293,0,21,0,0,0.0,False,validation_f2
rf_current_config_threshold_tuned,random_forest,0.59,0.9331210191082803,0.5,1.0,0.0,0.0,0.0,0.0,0.6608158621810498,0.13292856586713583,293,0,21,0,0,0.0,False,validation_f2
rf_current_config_threshold_tuned,random_forest,0.595,0.9331210191082803,0.5,1.0,0.0,0.0,0.0,0.0,0.6608158621810498,0.13292856586713583,293,0,21,0,0,0.0,False,validation_f2
rf_current_config_threshold_tuned,random_forest,0.6,0.9331210191082803,0.5,1.0,0.0,0.0,0.0,0.0,0.6608158621810498,0.13292856586713583,293,0,21,0,0,0.0,False,validation_f2
rf_current_config_threshold_tuned,random_forest,0.605,0.9331210191082803,0.5,1.0,0.0,0.0,0.0,0.0,0.6608158621810498,0.13292856586713583,293,0,21,0,0,0.0,False,validation_f2
rf_current_config_threshold_tuned,random_forest,0.61,0.9331210191082803,0.5,1.0,0.0,0.0,0.0,0.0,0.6608158621810498,0.13292856586713583,293,0,21,0,0,0.0,False,validation_f2
rf_current_config_threshold_tuned,random_forest,0.615,0.9331210191082803,0.5,1.0,0.0,0.0,0.0,0.0,0.6608158621810498,0.13292856586713583,293,0,21,0,0,0.0,False,validation_f2
rf_current_config_threshold_tuned,random_forest,0.62,0.9331210191082803,0.5,1.0,0.0,0.0,0.0,0.0,0.6608158621810498,0.13292856586713583,293,0,21,0,0,0.0,False,validation_f2
rf_current_config_threshold_tuned,random_forest,0.625,0.9331210191082803,0.5,1.0,0.0,0.0,0.0,0.0,0.6608158621810498,0.13292856586713583,293,0,21,0,0,0.0,False,validation_f2
rf_current_config_threshold_tuned,random_forest,0.63,0.9331210191082803,0.5,1.0,0.0,0.0,0.0,0.0,0.6608158621810498,0.13292856586713583,293,0,21,0,0,0.0,False,validation_f2
rf_current_config_threshold_tuned,random_forest,0.635,0.9331210191082803,0.5,1.0,0.0,0.0,0.0,0.0,0.6608158621810498,0.13292856586713583,293,0,21,0,0,0.0,False,validation_f2
rf_current_config_threshold_tuned,random_forest,0.64,0.9331210191082803,0.5,1.0,0.0,0.0,0.0,0.0,0.6608158621810498,0.13292856586713583,293,0,21,0,0,0.0,False,validation_f2
rf_current_config_threshold_tuned,random_forest,0.645,0.9331210191082803,0.5,1.0,0.0,0.0,0.0,0.0,0.6608158621810498,0.13292856586713583,293,0,21,0,0,0.0,False,validation_f2
rf_current_config_threshold_tuned,random_forest,0.65,0.9331210191082803,0.5,1.0,0.0,0.0,0.0,0.0,0.6608158621810498,0.13292856586713583,293,0,21,0,0,0.0,False,validation_f2
rf_current_config_threshold_tuned,random_forest,0.655,0.9331210191082803,0.5,1.0,0.0,0.0,0.0,0.0,0.6608158621810498,0.13292856586713583,293,0,21,0,0,0.0,False,validation_f2
rf_current_config_threshold_tuned,random_forest,0.66,0.9331210191082803,0.5,1.0,0.0,0.0,0.0,0.0,0.6608158621810498,0.13292856586713583,293,0,21,0,0,0.0,False,validation_f2
rf_current_config_threshold_tuned,random_forest,0.665,0.9331210191082803,0.5,1.0,0.0,0.0,0.0,0.0,0.6608158621810498,0.13292856586713583,293,0,21,0,0,0.0,False,validation_f2
rf_current_config_threshold_tuned,random_forest,0.67,0.9331210191082803,0.5,1.0,0.0,0.0,0.0,0.0,0.6608158621810498,0.13292856586713583,293,0,21,0,0,0.0,False,validation_f2
rf_current_config_threshold_tuned,random_forest,0.675,0.9331210191082803,0.5,1.0,0.0,0.0,0.0,0.0,0.6608158621810498,0.13292856586713583,293,0,21,0,0,0.0,False,validation_f2
rf_current_config_threshold_tuned,random_forest,0.68,0.9331210191082803,0.5,1.0,0.0,0.0,0.0,0.0,0.6608158621810498,0.13292856586713583,293,0,21,0,0,0.0,False,validation_f2
rf_current_config_threshold_tuned,random_forest,0.685,0.9331210191082803,0.5,1.0,0.0,0.0,0.0,0.0,0.6608158621810498,0.13292856586713583,293,0,21,0,0,0.0,False,validation_f2
rf_current_config_threshold_tuned,random_forest,0.69,0.9331210191082803,0.5,1.0,0.0,0.0,0.0,0.0,0.6608158621810498,0.13292856586713583,293,0,21,0,0,0.0,False,validation_f2
rf_current_config_threshold_tuned,random_forest,0.695,0.9331210191082803,0.5,1.0,0.0,0.0,0.0,0.0,0.6608158621810498,0.13292856586713583,293,0,21,0,0,0.0,False,validation_f2
rf_current_config_threshold_tuned,random_forest,0.7,0.9331210191082803,0.5,1.0,0.0,0.0,0.0,0.0,0.6608158621810498,0.13292856586713583,293,0,21,0,0,0.0,False,validation_f2
rf_current_config_threshold_tuned,random_forest,0.705,0.9331210191082803,0.5,1.0,0.0,0.0,0.0,0.0,0.6608158621810498,0.13292856586713583,293,0,21,0,0,0.0,False,validation_f2
rf_current_config_threshold_tuned,random_forest,0.71,0.9331210191082803,0.5,1.0,0.0,0.0,0.0,0.0,0.6608158621810498,0.13292856586713583,293,0,21,0,0,0.0,False,validation_f2
rf_current_config_threshold_tuned,random_forest,0.715,0.9331210191082803,0.5,1.0,0.0,0.0,0.0,0.0,0.6608158621810498,0.13292856586713583,293,0,21,0,0,0.0,False,validation_f2
rf_current_config_threshold_tuned,random_forest,0.72,0.9331210191082803,0.5,1.0,0.0,0.0,0.0,0.0,0.6608158621810498,0.13292856586713583,293,0,21,0,0,0.0,False,validation_f2
rf_current_config_threshold_tuned,random_forest,0.725,0.9331210191082803,0.5,1.0,0.0,0.0,0.0,0.0,0.6608158621810498,0.13292856586713583,293,0,21,0,0,0.0,False,validation_f2
rf_current_config_threshold_tuned,random_forest,0.73,0.9331210191082803,0.5,1.0,0.0,0.0,0.0,0.0,0.6608158621810498,0.13292856586713583,293,0,21,0,0,0.0,False,validation_f2
rf_current_config_threshold_tuned,random_forest,0.735,0.9331210191082803,0.5,1.0,0.0,0.0,0.0,0.0,0.6608158621810498,0.13292856586713583,293,0,21,0,0,0.0,False,validation_f2
rf_current_config_threshold_tuned,random_forest,0.74,0.9331210191082803,0.5,1.0,0.0,0.0,0.0,0.0,0.6608158621810498,0.13292856586713583,293,0,21,0,0,0.0,False,validation_f2
rf_current_config_threshold_tuned,random_forest,0.745,0.9331210191082803,0.5,1.0,0.0,0.0,0.0,0.0,0.6608158621810498,0.13292856586713583,293,0,21,0,0,0.0,False,validation_f2
rf_current_config_threshold_tuned,random_forest,0.75,0.9331210191082803,0.5,1.0,0.0,0.0,0.0,0.0,0.6608158621810498,0.13292856586713583,293,0,21,0,0,0.0,False,validation_f2
rf_current_config_threshold_tuned,random_forest,0.755,0.9331210191082803,0.5,1.0,0.0,0.0,0.0,0.0,0.6608158621810498,0.13292856586713583,293,0,21,0,0,0.0,False,validation_f2
rf_current_config_threshold_tuned,random_forest,0.76,0.9331210191082803,0.5,1.0,0.0,0.0,0.0,0.0,0.6608158621810498,0.13292856586713583,293,0,21,0,0,0.0,False,validation_f2
rf_current_config_threshold_tuned,random_forest,0.765,0.9331210191082803,0.5,1.0,0.0,0.0,0.0,0.0,0.6608158621810498,0.13292856586713583,293,0,21,0,0,0.0,False,validation_f2
rf_current_config_threshold_tuned,random_forest,0.77,0.9331210191082803,0.5,1.0,0.0,0.0,0.0,0.0,0.6608158621810498,0.13292856586713583,293,0,21,0,0,0.0,False,validation_f2
rf_current_config_threshold_tuned,random_forest,0.775,0.9331210191082803,0.5,1.0,0.0,0.0,0.0,0.0,0.6608158621810498,0.13292856586713583,293,0,21,0,0,0.0,False,validation_f2
rf_current_config_threshold_tuned,random_forest,0.78,0.9331210191082803,0.5,1.0,0.0,0.0,0.0,0.0,0.6608158621810498,0.13292856586713583,293,0,21,0,0,0.0,False,validation_f2
rf_current_config_threshold_tuned,random_forest,0.785,0.9331210191082803,0.5,1.0,0.0,0.0,0.0,0.0,0.6608158621810498,0.13292856586713583,293,0,21,0,0,0.0,False,validation_f2
rf_current_config_threshold_tuned,random_forest,0.79,0.9331210191082803,0.5,1.0,0.0,0.0,0.0,0.0,0.6608158621810498,0.13292856586713583,293,0,21,0,0,0.0,False,validation_f2
rf_current_config_threshold_tuned,random_forest,0.795,0.9331210191082803,0.5,1.0,0.0,0.0,0.0,0.0,0.6608158621810498,0.13292856586713583,293,0,21,0,0,0.0,False,validation_f2
rf_current_config_threshold_tuned,random_forest,0.8,0.9331210191082803,0.5,1.0,0.0,0.0,0.0,0.0,0.6608158621810498,0.13292856586713583,293,0,21,0,0,0.0,False,validation_f2
rf_current_config_threshold_tuned,random_forest,0.805,0.9331210191082803,0.5,1.0,0.0,0.0,0.0,0.0,0.6608158621810498,0.13292856586713583,293,0,21,0,0,0.0,False,validation_f2
rf_current_config_threshold_tuned,random_forest,0.81,0.9331210191082803,0.5,1.0,0.0,0.0,0.0,0.0,0.6608158621810498,0.13292856586713583,293,0,21,0,0,0.0,False,validation_f2
rf_current_config_threshold_tuned,random_forest,0.815,0.9331210191082803,0.5,1.0,0.0,0.0,0.0,0.0,0.6608158621810498,0.13292856586713583,293,0,21,0,0,0.0,False,validation_f2
rf_current_config_threshold_tuned,random_forest,0.82,0.9331210191082803,0.5,1.0,0.0,0.0,0.0,0.0,0.6608158621810498,0.13292856586713583,293,0,21,0,0,0.0,False,validation_f2
rf_current_config_threshold_tuned,random_forest,0.825,0.9331210191082803,0.5,1.0,0.0,0.0,0.0,0.0,0.6608158621810498,0.13292856586713583,293,0,21,0,0,0.0,False,validation_f2
rf_current_config_threshold_tuned,random_forest,0.83,0.9331210191082803,0.5,1.0,0.0,0.0,0.0,0.0,0.6608158621810498,0.13292856586713583,293,0,21,0,0,0.0,False,validation_f2
rf_current_config_threshold_tuned,random_forest,0.835,0.9331210191082803,0.5,1.0,0.0,0.0,0.0,0.0,0.6608158621810498,0.13292856586713583,293,0,21,0,0,0.0,False,validation_f2
rf_current_config_threshold_tuned,random_forest,0.84,0.9331210191082803,0.5,1.0,0.0,0.0,0.0,0.0,0.6608158621810498,0.13292856586713583,293,0,21,0,0,0.0,False,validation_f2
rf_current_config_threshold_tuned,random_forest,0.845,0.9331210191082803,0.5,1.0,0.0,0.0,0.0,0.0,0.6608158621810498,0.13292856586713583,293,0,21,0,0,0.0,False,validation_f2
rf_current_config_threshold_tuned,random_forest,0.85,0.9331210191082803,0.5,1.0,0.0,0.0,0.0,0.0,0.6608158621810498,0.13292856586713583,293,0,21,0,0,0.0,False,validation_f2
rf_current_config_threshold_tuned,random_forest,0.855,0.9331210191082803,0.5,1.0,0.0,0.0,0.0,0.0,0.6608158621810498,0.13292856586713583,293,0,21,0,0,0.0,False,validation_f2
rf_current_config_threshold_tuned,random_forest,0.86,0.9331210191082803,0.5,1.0,0.0,0.0,0.0,0.0,0.6608158621810498,0.13292856586713583,293,0,21,0,0,0.0,False,validation_f2
rf_current_config_threshold_tuned,random_forest,0.865,0.9331210191082803,0.5,1.0,0.0,0.0,0.0,0.0,0.6608158621810498,0.13292856586713583,293,0,21,0,0,0.0,False,validation_f2
rf_current_config_threshold_tuned,random_forest,0.87,0.9331210191082803,0.5,1.0,0.0,0.0,0.0,0.0,0.6608158621810498,0.13292856586713583,293,0,21,0,0,0.0,False,validation_f2
rf_current_config_threshold_tuned,random_forest,0.875,0.9331210191082803,0.5,1.0,0.0,0.0,0.0,0.0,0.6608158621810498,0.13292856586713583,293,0,21,0,0,0.0,False,validation_f2
rf_current_config_threshold_tuned,random_forest,0.88,0.9331210191082803,0.5,1.0,0.0,0.0,0.0,0.0,0.6608158621810498,0.13292856586713583,293,0,21,0,0,0.0,False,validation_f2
rf_current_config_threshold_tuned,random_forest,0.885,0.9331210191082803,0.5,1.0,0.0,0.0,0.0,0.0,0.6608158621810498,0.13292856586713583,293,0,21,0,0,0.0,False,validation_f2
rf_current_config_threshold_tuned,random_forest,0.89,0.9331210191082803,0.5,1.0,0.0,0.0,0.0,0.0,0.6608158621810498,0.13292856586713583,293,0,21,0,0,0.0,False,validation_f2
rf_current_config_threshold_tuned,random_forest,0.895,0.9331210191082803,0.5,1.0,0.0,0.0,0.0,0.0,0.6608158621810498,0.13292856586713583,293,0,21,0,0,0.0,False,validation_f2
rf_current_config_threshold_tuned,random_forest,0.9,0.9331210191082803,0.5,1.0,0.0,0.0,0.0,0.0,0.6608158621810498,0.13292856586713583,293,0,21,0,0,0.0,False,validation_f2
rf_current_config_threshold_tuned,random_forest,0.905,0.9331210191082803,0.5,1.0,0.0,0.0,0.0,0.0,0.6608158621810498,0.13292856586713583,293,0,21,0,0,0.0,False,validation_f2
rf_current_config_threshold_tuned,random_forest,0.91,0.9331210191082803,0.5,1.0,0.0,0.0,0.0,0.0,0.6608158621810498,0.13292856586713583,293,0,21,0,0,0.0,False,validation_f2
rf_current_config_threshold_tuned,random_forest,0.915,0.9331210191082803,0.5,1.0,0.0,0.0,0.0,0.0,0.6608158621810498,0.13292856586713583,293,0,21,0,0,0.0,False,validation_f2
rf_current_config_threshold_tuned,random_forest,0.92,0.9331210191082803,0.5,1.0,0.0,0.0,0.0,0.0,0.6608158621810498,0.13292856586713583,293,0,21,0,0,0.0,False,validation_f2
rf_current_config_threshold_tuned,random_forest,0.925,0.9331210191082803,0.5,1.0,0.0,0.0,0.0,0.0,0.6608158621810498,0.13292856586713583,293,0,21,0,0,0.0,False,validation_f2
rf_current_config_threshold_tuned,random_forest,0.93,0.9331210191082803,0.5,1.0,0.0,0.0,0.0,0.0,0.6608158621810498,0.13292856586713583,293,0,21,0,0,0.0,False,validation_f2
rf_current_config_threshold_tuned,random_forest,0.935,0.9331210191082803,0.5,1.0,0.0,0.0,0.0,0.0,0.6608158621810498,0.13292856586713583,293,0,21,0,0,0.0,False,validation_f2
rf_current_config_threshold_tuned,random_forest,0.94,0.9331210191082803,0.5,1.0,0.0,0.0,0.0,0.0,0.6608158621810498,0.13292856586713583,293,0,21,0,0,0.0,False,validation_f2
rf_current_config_threshold_tuned,random_forest,0.945,0.9331210191082803,0.5,1.0,0.0,0.0,0.0,0.0,0.6608158621810498,0.13292856586713583,293,0,21,0,0,0.0,False,validation_f2
rf_current_config_threshold_tuned,random_forest,0.95,0.9331210191082803,0.5,1.0,0.0,0.0,0.0,0.0,0.6608158621810498,0.13292856586713583,293,0,21,0,0,0.0,False,validation_f2
rf_random_search_best_threshold_050,random_forest,0.05,0.2898089171974522,0.5752478465789046,0.24573378839590443,0.07916666666666666,0.9047619047619048,0.14559386973180077,0.2932098765432099,0.6708922476840565,0.14464722364764732,72,221,2,19,240,0.7643312101910829,False,fixed
rf_random_search_best_threshold_050,random_forest,0.055,0.34394904458598724,0.5821550463188688,0.30716723549488056,0.08144796380090498,0.8571428571428571,0.1487603305785124,0.29508196721311475,0.6708922476840565,0.14464722364764732,90,203,3,18,221,0.7038216560509554,False,fixed
rf_random_search_best_threshold_050,random_forest,0.06,0.3662420382165605,0.5719973996424508,0.33447098976109213,0.08018867924528301,0.8095238095238095,0.1459227467811159,0.28716216216216217,0.6708922476840565,0.14464722364764732,98,195,4,17,212,0.6751592356687898,False,fixed
rf_random_search_best_threshold_050,random_forest,0.065,0.4394904458598726,0.61124654640013,0.4129692832764505,0.08994708994708994,0.8095238095238095,0.1619047619047619,0.31135531135531136,0.6708922476840565,0.14464722364764732,121,172,4,17,189,0.6019108280254777,False,fixed
rf_random_search_best_threshold_050,random_forest,0.07,0.4872611464968153,0.6368438160247034,0.4641638225255973,0.09770114942528736,0.8095238095238095,0.17435897435897435,0.32945736434108525,0.6708922476840565,0.14464722364764732,136,157,4,17,174,0.554140127388535,False,fixed
rf_random_search_best_threshold_050,random_forest,0.075,0.5031847133757962,0.623273200065009,0.48464163822525597,0.09580838323353294,0.7619047619047619,0.1702127659574468,0.3187250996015936,0.6708922476840565,0.14464722364764732,142,151,5,16,167,0.5318471337579618,False,fixed
rf_random_search_best_threshold_050,random_forest,0.08,0.5222929936305732,0.6335121079148383,0.5051194539249146,0.09937888198757763,0.7619047619047619,0.17582417582417584,0.32653061224489793,0.6708922476840565,0.14464722364764732,148,145,5,16,161,0.5127388535031847,False,fixed
rf_random_search_best_threshold_050,random_forest,0.085,0.5445859872611465,0.6233544612384203,0.5324232081911263,0.09868421052631579,0.7142857142857143,0.17341040462427745,0.3177966101694915,0.6708922476840565,0.14464722364764732,156,137,6,15,152,0.4840764331210191,False,fixed
rf_random_search_best_threshold_050,random_forest,0.09,0.5636942675159236,0.6335933690882496,0.552901023890785,0.10273972602739725,0.7142857142857143,0.17964071856287425,0.32608695652173914,0.6708922476840565,0.14464722364764732,162,131,6,15,146,0.46496815286624205,False,fixed
rf_random_search_best_threshold_050,random_forest,0.095,0.5668789808917197,0.6131968145620023,0.5597269624573379,0.0979020979020979,0.6666666666666666,0.17073170731707318,0.30837004405286345,0.6708922476840565,0.14464722364764732,164,129,7,14,143,0.4554140127388535,False,fixed
rf_random_search_best_threshold_050,random_forest,0.1,0.5828025477707006,0.5996261986023078,0.5802047781569966,0.09558823529411764,0.6190476190476191,0.16560509554140126,0.29545454545454547,0.6708922476840565,0.14464722364764732,170,123,8,13,136,0.43312101910828027,False,fixed
rf_random_search_best_threshold_050,random_forest,0.105,0.6019108280254777,0.6098651064521372,0.6006825938566553,0.1,0.6190476190476191,0.17218543046357615,0.3037383177570093,0.6708922476840565,0.14464722364764732,176,117,8,13,130,0.4140127388535032,False,fixed
rf_random_search_best_threshold_050,random_forest,0.11,0.6146496815286624,0.5945880058508044,0.6177474402730375,0.0967741935483871,0.5714285714285714,0.16551724137931034,0.28846153846153844,0.6708922476840565,0.14464722364764732,181,112,9,12,124,0.39490445859872614,False,fixed
rf_random_search_best_threshold_050,random_forest,0.115,0.6369426751592356,0.606533398342272,0.6416382252559727,0.10256410256410256,0.5714285714285714,0.17391304347826086,0.29850746268656714,0.6708922476840565,0.14464722364764732,188,105,9,12,117,0.37261146496815284,False,fixed
rf_random_search_best_threshold_050,random_forest,0.12,0.6656050955414012,0.6218917601170161,0.6723549488054608,0.1111111111111111,0.5714285714285714,0.18604651162790697,0.3125,0.6708922476840565,0.14464722364764732,197,96,9,12,108,0.34394904458598724,False,fixed
rf_random_search_best_threshold_050,random_forest,0.125,0.6878980891719745,0.6338371526084836,0.6962457337883959,0.1188118811881188,0.5714285714285714,0.19672131147540983,0.32432432432432434,0.6708922476840565,0.14464722364764732,204,89,9,12,101,0.321656050955414,False,fixed
rf_random_search_best_threshold_050,random_forest,0.13,0.697452229299363,0.6389566065333983,0.7064846416382252,0.12244897959183673,0.5714285714285714,0.20168067226890757,0.32967032967032966,0.6708922476840565,0.14464722364764732,207,86,9,12,98,0.31210191082802546,False,fixed
rf_random_search_best_threshold_050,random_forest,0.135,0.7070063694267515,0.6219730212904275,0.7201365187713311,0.11827956989247312,0.5238095238095238,0.19298245614035087,0.3107344632768362,0.6708922476840565,0.14464722364764732,211,82,10,11,93,0.2961783439490446,False,fixed
rf_random_search_best_threshold_050,random_forest,0.14,0.7229299363057324,0.6305054444986186,0.7372013651877133,0.125,0.5238095238095238,0.2018348623853211,0.31976744186046513,0.6708922476840565,0.14464722364764732,216,77,10,11,88,0.2802547770700637,False,fixed
rf_random_search_best_threshold_050,random_forest,0.145,0.7356687898089171,0.6373313830651715,0.7508532423208191,0.13095238095238096,0.5238095238095238,0.20952380952380953,0.3273809523809524,0.6708922476840565,0.14464722364764732,220,73,10,11,84,0.267515923566879,False,fixed
rf_random_search_best_threshold_050,random_forest,0.15,0.7420382165605095,0.6186413131805624,0.7610921501706485,0.125,0.47619047619047616,0.19801980198019803,0.3048780487804878,0.6708922476840565,0.14464722364764732,223,70,11,10,80,0.25477707006369427,False,fixed
rf_random_search_best_threshold_050,random_forest,0.155,0.7547770700636943,0.6254672517471151,0.7747440273037542,0.13157894736842105,0.47619047619047616,0.20618556701030927,0.3125,0.6708922476840565,0.14464722364764732,227,66,11,10,76,0.24203821656050956,False,fixed
rf_random_search_best_threshold_050,random_forest,0.16,0.767515923566879,0.6322931903136682,0.78839590443686,0.1388888888888889,0.47619047619047616,0.21505376344086022,0.32051282051282054,0.6708922476840565,0.14464722364764732,231,62,11,10,72,0.22929936305732485,False,fixed
rf_random_search_best_threshold_050,random_forest,0.165,0.7802547770700637,0.6170160897123355,0.8054607508532423,0.13636363636363635,0.42857142857142855,0.20689655172413793,0.3,0.6708922476840565,0.14464722364764732,236,57,12,9,66,0.21019108280254778,False,fixed
rf_random_search_best_threshold_050,random_forest,0.17,0.7834394904458599,0.6187225743539737,0.8088737201365188,0.13846153846153847,0.42857142857142855,0.20930232558139536,0.30201342281879195,0.6708922476840565,0.14464722364764732,237,56,12,9,65,0.2070063694267516,False,fixed
rf_random_search_best_threshold_050,random_forest,0.175,0.7929936305732485,0.5796359499431172,0.825938566552901,0.1206896551724138,0.3333333333333333,0.17721518987341772,0.24647887323943662,0.6708922476840565,0.14464722364764732,242,51,14,7,58,0.18471337579617833,False,fixed
rf_random_search_best_threshold_050,random_forest,0.18,0.7993630573248408,0.5830489192263936,0.8327645051194539,0.125,0.3333333333333333,0.18181818181818182,0.25,0.6708922476840565,0.14464722364764732,244,49,14,7,56,0.17834394904458598,False,fixed
rf_random_search_best_threshold_050,random_forest,0.185,0.802547770700637,0.5847554038680318,0.8361774744027304,0.12727272727272726,0.3333333333333333,0.18421052631578946,0.2517985611510791,0.6708922476840565,0.14464722364764732,245,48,14,7,55,0.1751592356687898,False,fixed
rf_random_search_best_threshold_050,random_forest,0.19,0.8121019108280255,0.5898748577929466,0.8464163822525598,0.1346153846153846,0.3333333333333333,0.1917808219178082,0.25735294117647056,0.6708922476840565,0.14464722364764732,248,45,14,7,52,0.16560509554140126,False,fixed
rf_random_search_best_threshold_050,random_forest,0.195,0.8184713375796179,0.593287827076223,0.8532423208191127,0.14,0.3333333333333333,0.19718309859154928,0.26119402985074625,0.6708922476840565,0.14464722364764732,250,43,14,7,50,0.1592356687898089,False,fixed
rf_random_search_best_threshold_050,random_forest,0.2,0.821656050955414,0.5949943117178612,0.856655290102389,0.14285714285714285,0.3333333333333333,0.2,0.2631578947368421,0.6708922476840565,0.14464722364764732,251,42,14,7,49,0.15605095541401273,False,fixed
rf_random_search_best_threshold_050,random_forest,0.205,0.8280254777070064,0.5984072810011376,0.863481228668942,0.14893617021276595,0.3333333333333333,0.20588235294117646,0.26717557251908397,0.6708922476840565,0.14464722364764732,253,40,14,7,47,0.14968152866242038,False,fixed
rf_random_search_best_threshold_050,random_forest,0.21,0.8343949044585988,0.6018202502844141,0.8703071672354948,0.15555555555555556,0.3333333333333333,0.21212121212121213,0.2713178294573643,0.6708922476840565,0.14464722364764732,255,38,14,7,45,0.14331210191082802,False,fixed
rf_random_search_best_threshold_050,random_forest,0.215,0.8407643312101911,0.5610271412319194,0.8839590443686007,0.1282051282051282,0.23809523809523808,0.16666666666666666,0.2032520325203252,0.6708922476840565,0.14464722364764732,259,34,16,5,39,0.12420382165605096,False,fixed
rf_random_search_best_threshold_050,random_forest,0.22,0.8503184713375797,0.5661465951568341,0.89419795221843,0.1388888888888889,0.23809523809523808,0.17543859649122806,0.20833333333333334,0.6708922476840565,0.14464722364764732,262,31,16,5,36,0.11464968152866242,False,fixed
rf_random_search_best_threshold_050,random_forest,0.225,0.8630573248407644,0.5508694945555014,0.9112627986348123,0.13333333333333333,0.19047619047619047,0.1568627450980392,0.17543859649122806,0.6708922476840565,0.14464722364764732,267,26,17,4,30,0.09554140127388536,False,fixed
rf_random_search_best_threshold_050,random_forest,0.23,0.8662420382165605,0.5525759791971396,0.9146757679180887,0.13793103448275862,0.19047619047619047,0.16,0.17699115044247787,0.6708922476840565,0.14464722364764732,268,25,17,4,29,0.09235668789808917,False,fixed
rf_random_search_best_threshold_050,random_forest,0.235,0.8726114649681529,0.5559889484804161,0.9215017064846417,0.14814814814814814,0.19047619047619047,0.16666666666666666,0.18018018018018017,0.6708922476840565,0.14464722364764732,270,23,17,4,27,0.08598726114649681,False,fixed
rf_random_search_best_threshold_050,random_forest,0.24,0.8789808917197452,0.5594019177636925,0.9283276450511946,0.16,0.19047619047619047,0.17391304347826086,0.1834862385321101,0.6708922476840565,0.14464722364764732,272,21,17,4,25,0.07961783439490445,False,fixed
rf_random_search_best_threshold_050,random_forest,0.245,0.8821656050955414,0.5611084024053308,0.931740614334471,0.16666666666666666,0.19047619047619047,0.17777777777777778,0.18518518518518517,0.6708922476840565,0.14464722364764732,273,20,17,4,24,0.07643312101910828,False,fixed
rf_random_search_best_threshold_050,random_forest,0.25,0.8885350318471338,0.5645213716886072,0.9385665529010239,0.18181818181818182,0.19047619047619047,0.18604651162790697,0.18867924528301888,0.6708922476840565,0.14464722364764732,275,18,17,4,22,0.07006369426751592,False,fixed
rf_random_search_best_threshold_050,random_forest,0.255,0.89171974522293,0.5441248171623598,0.9453924914675768,0.15789473684210525,0.14285714285714285,0.15,0.14563106796116504,0.6708922476840565,0.14464722364764732,277,16,18,3,19,0.06050955414012739,False,fixed
rf_random_search_best_threshold_050,random_forest,0.26,0.89171974522293,0.5441248171623598,0.9453924914675768,0.15789473684210525,0.14285714285714285,0.15,0.14563106796116504,0.6708922476840565,0.14464722364764732,277,16,18,3,19,0.06050955414012739,False,fixed
rf_random_search_best_threshold_050,random_forest,0.265,0.89171974522293,0.5441248171623598,0.9453924914675768,0.15789473684210525,0.14285714285714285,0.15,0.14563106796116504,0.6708922476840565,0.14464722364764732,277,16,18,3,19,0.06050955414012739,False,fixed
rf_random_search_best_threshold_050,random_forest,0.27,0.89171974522293,0.5441248171623598,0.9453924914675768,0.15789473684210525,0.14285714285714285,0.15,0.14563106796116504,0.6708922476840565,0.14464722364764732,277,16,18,3,19,0.06050955414012739,False,fixed
rf_random_search_best_threshold_050,random_forest,0.275,0.8980891719745223,0.5475377864456362,0.9522184300341296,0.17647058823529413,0.14285714285714285,0.15789473684210525,0.1485148514851485,0.6708922476840565,0.14464722364764732,279,14,18,3,17,0.054140127388535034,False,fixed
rf_random_search_best_threshold_050,random_forest,0.28,0.8980891719745223,0.5475377864456362,0.9522184300341296,0.17647058823529413,0.14285714285714285,0.15789473684210525,0.1485148514851485,0.6708922476840565,0.14464722364764732,279,14,18,3,17,0.054140127388535034,False,fixed
rf_random_search_best_threshold_050,random_forest,0.285,0.8949044585987261,0.5237282626361124,0.9522184300341296,0.125,0.09523809523809523,0.10810810810810811,0.1,0.6708922476840565,0.14464722364764732,279,14,19,2,16,0.050955414012738856,False,fixed
rf_random_search_best_threshold_050,random_forest,0.29,0.8949044585987261,0.5237282626361124,0.9522184300341296,0.125,0.09523809523809523,0.10810810810810811,0.1,0.6708922476840565,0.14464722364764732,279,14,19,2,16,0.050955414012738856,False,fixed
rf_random_search_best_threshold_050,random_forest,0.295,0.8980891719745223,0.5254347472777507,0.9556313993174061,0.13333333333333333,0.09523809523809523,0.1111111111111111,0.10101010101010101,0.6708922476840565,0.14464722364764732,280,13,19,2,15,0.04777070063694268,False,fixed
rf_random_search_best_threshold_050,random_forest,0.3,0.9012738853503185,0.5271412319193889,0.9590443686006825,0.14285714285714285,0.09523809523809523,0.11428571428571428,0.10204081632653061,0.6708922476840565,0.14464722364764732,281,12,19,2,14,0.044585987261146494,False,fixed
rf_random_search_best_threshold_050,random_forest,0.305,0.9044585987261147,0.5288477165610271,0.962457337883959,0.15384615384615385,0.09523809523809523,0.11764705882352941,0.10309278350515463,0.6708922476840565,0.14464722364764732,282,11,19,2,13,0.041401273885350316,False,fixed
rf_random_search_best_threshold_050,random_forest,0.31,0.9076433121019108,0.5305542012026654,0.9658703071672355,0.16666666666666666,0.09523809523809523,0.12121212121212122,0.10416666666666667,0.6708922476840565,0.14464722364764732,283,10,19,2,12,0.03821656050955414,False,fixed
rf_random_search_best_threshold_050,random_forest,0.315,0.9076433121019108,0.5305542012026654,0.9658703071672355,0.16666666666666666,0.09523809523809523,0.12121212121212122,0.10416666666666667,0.6708922476840565,0.14464722364764732,283,10,19,2,12,0.03821656050955414,False,fixed
rf_random_search_best_threshold_050,random_forest,0.32,0.910828025477707,0.510157646676418,0.9726962457337884,0.1111111111111111,0.047619047619047616,0.06666666666666667,0.053763440860215055,0.6708922476840565,0.14464722364764732,285,8,20,1,9,0.028662420382165606,False,fixed
rf_random_search_best_threshold_050,random_forest,0.325,0.9171974522292994,0.5135706159596944,0.9795221843003413,0.14285714285714285,0.047619047619047616,0.07142857142857142,0.054945054945054944,0.6708922476840565,0.14464722364764732,287,6,20,1,7,0.022292993630573247,False,fixed
rf_random_search_best_threshold_050,random_forest,0.33,0.9203821656050956,0.5152771006013327,0.9829351535836177,0.16666666666666666,0.047619047619047616,0.07407407407407407,0.05555555555555555,0.6708922476840565,0.14464722364764732,288,5,20,1,6,0.01910828025477707,False,fixed
rf_random_search_best_threshold_050,random_forest,0.335,0.9203821656050956,0.5152771006013327,0.9829351535836177,0.16666666666666666,0.047619047619047616,0.07407407407407407,0.05555555555555555,0.6708922476840565,0.14464722364764732,288,5,20,1,6,0.01910828025477707,False,fixed
rf_random_search_best_threshold_050,random_forest,0.34,0.9203821656050956,0.5152771006013327,0.9829351535836177,0.16666666666666666,0.047619047619047616,0.07407407407407407,0.05555555555555555,0.6708922476840565,0.14464722364764732,288,5,20,1,6,0.01910828025477707,False,fixed
rf_random_search_best_threshold_050,random_forest,0.345,0.9203821656050956,0.5152771006013327,0.9829351535836177,0.16666666666666666,0.047619047619047616,0.07407407407407407,0.05555555555555555,0.6708922476840565,0.14464722364764732,288,5,20,1,6,0.01910828025477707,False,fixed
rf_random_search_best_threshold_050,random_forest,0.35,0.9203821656050956,0.5152771006013327,0.9829351535836177,0.16666666666666666,0.047619047619047616,0.07407407407407407,0.05555555555555555,0.6708922476840565,0.14464722364764732,288,5,20,1,6,0.01910828025477707,False,fixed
rf_random_search_best_threshold_050,random_forest,0.355,0.9203821656050956,0.5152771006013327,0.9829351535836177,0.16666666666666666,0.047619047619047616,0.07407407407407407,0.05555555555555555,0.6708922476840565,0.14464722364764732,288,5,20,1,6,0.01910828025477707,False,fixed
rf_random_search_best_threshold_050,random_forest,0.36,0.9235668789808917,0.5169835852429709,0.9863481228668942,0.2,0.047619047619047616,0.07692307692307693,0.056179775280898875,0.6708922476840565,0.14464722364764732,289,4,20,1,5,0.01592356687898089,False,fixed
rf_random_search_best_threshold_050,random_forest,0.365,0.9235668789808917,0.5169835852429709,0.9863481228668942,0.2,0.047619047619047616,0.07692307692307693,0.056179775280898875,0.6708922476840565,0.14464722364764732,289,4,20,1,5,0.01592356687898089,False,fixed
rf_random_search_best_threshold_050,random_forest,0.37,0.9331210191082803,0.5221030391678856,0.9965870307167235,0.5,0.047619047619047616,0.08695652173913043,0.05813953488372093,0.6708922476840565,0.14464722364764732,292,1,20,1,2,0.006369426751592357,False,fixed
rf_random_search_best_threshold_050,random_forest,0.375,0.9331210191082803,0.5221030391678856,0.9965870307167235,0.5,0.047619047619047616,0.08695652173913043,0.05813953488372093,0.6708922476840565,0.14464722364764732,292,1,20,1,2,0.006369426751592357,False,fixed
rf_random_search_best_threshold_050,random_forest,0.38,0.9331210191082803,0.5221030391678856,0.9965870307167235,0.5,0.047619047619047616,0.08695652173913043,0.05813953488372093,0.6708922476840565,0.14464722364764732,292,1,20,1,2,0.006369426751592357,False,fixed
rf_random_search_best_threshold_050,random_forest,0.385,0.9331210191082803,0.5221030391678856,0.9965870307167235,0.5,0.047619047619047616,0.08695652173913043,0.05813953488372093,0.6708922476840565,0.14464722364764732,292,1,20,1,2,0.006369426751592357,False,fixed
rf_random_search_best_threshold_050,random_forest,0.39,0.9331210191082803,0.5221030391678856,0.9965870307167235,0.5,0.047619047619047616,0.08695652173913043,0.05813953488372093,0.6708922476840565,0.14464722364764732,292,1,20,1,2,0.006369426751592357,False,fixed
rf_random_search_best_threshold_050,random_forest,0.395,0.9331210191082803,0.5221030391678856,0.9965870307167235,0.5,0.047619047619047616,0.08695652173913043,0.05813953488372093,0.6708922476840565,0.14464722364764732,292,1,20,1,2,0.006369426751592357,False,fixed
rf_random_search_best_threshold_050,random_forest,0.4,0.9331210191082803,0.5221030391678856,0.9965870307167235,0.5,0.047619047619047616,0.08695652173913043,0.05813953488372093,0.6708922476840565,0.14464722364764732,292,1,20,1,2,0.006369426751592357,False,fixed
rf_random_search_best_threshold_050,random_forest,0.405,0.9331210191082803,0.5221030391678856,0.9965870307167235,0.5,0.047619047619047616,0.08695652173913043,0.05813953488372093,0.6708922476840565,0.14464722364764732,292,1,20,1,2,0.006369426751592357,False,fixed
rf_random_search_best_threshold_050,random_forest,0.41,0.9331210191082803,0.5221030391678856,0.9965870307167235,0.5,0.047619047619047616,0.08695652173913043,0.05813953488372093,0.6708922476840565,0.14464722364764732,292,1,20,1,2,0.006369426751592357,False,fixed
rf_random_search_best_threshold_050,random_forest,0.415,0.9331210191082803,0.5221030391678856,0.9965870307167235,0.5,0.047619047619047616,0.08695652173913043,0.05813953488372093,0.6708922476840565,0.14464722364764732,292,1,20,1,2,0.006369426751592357,False,fixed
rf_random_search_best_threshold_050,random_forest,0.42,0.9331210191082803,0.5221030391678856,0.9965870307167235,0.5,0.047619047619047616,0.08695652173913043,0.05813953488372093,0.6708922476840565,0.14464722364764732,292,1,20,1,2,0.006369426751592357,False,fixed
rf_random_search_best_threshold_050,random_forest,0.425,0.9331210191082803,0.5221030391678856,0.9965870307167235,0.5,0.047619047619047616,0.08695652173913043,0.05813953488372093,0.6708922476840565,0.14464722364764732,292,1,20,1,2,0.006369426751592357,False,fixed
rf_random_search_best_threshold_050,random_forest,0.43,0.9331210191082803,0.5221030391678856,0.9965870307167235,0.5,0.047619047619047616,0.08695652173913043,0.05813953488372093,0.6708922476840565,0.14464722364764732,292,1,20,1,2,0.006369426751592357,False,fixed
rf_random_search_best_threshold_050,random_forest,0.435,0.9331210191082803,0.5221030391678856,0.9965870307167235,0.5,0.047619047619047616,0.08695652173913043,0.05813953488372093,0.6708922476840565,0.14464722364764732,292,1,20,1,2,0.006369426751592357,False,fixed
rf_random_search_best_threshold_050,random_forest,0.44,0.9299363057324841,0.49829351535836175,0.9965870307167235,0.0,0.0,0.0,0.0,0.6708922476840565,0.14464722364764732,292,1,21,0,1,0.0031847133757961785,False,fixed
rf_random_search_best_threshold_050,random_forest,0.445,0.9299363057324841,0.49829351535836175,0.9965870307167235,0.0,0.0,0.0,0.0,0.6708922476840565,0.14464722364764732,292,1,21,0,1,0.0031847133757961785,False,fixed
rf_random_search_best_threshold_050,random_forest,0.45,0.9299363057324841,0.49829351535836175,0.9965870307167235,0.0,0.0,0.0,0.0,0.6708922476840565,0.14464722364764732,292,1,21,0,1,0.0031847133757961785,False,fixed
rf_random_search_best_threshold_050,random_forest,0.455,0.9299363057324841,0.49829351535836175,0.9965870307167235,0.0,0.0,0.0,0.0,0.6708922476840565,0.14464722364764732,292,1,21,0,1,0.0031847133757961785,False,fixed
rf_random_search_best_threshold_050,random_forest,0.46,0.9299363057324841,0.49829351535836175,0.9965870307167235,0.0,0.0,0.0,0.0,0.6708922476840565,0.14464722364764732,292,1,21,0,1,0.0031847133757961785,False,fixed
rf_random_search_best_threshold_050,random_forest,0.465,0.9299363057324841,0.49829351535836175,0.9965870307167235,0.0,0.0,0.0,0.0,0.6708922476840565,0.14464722364764732,292,1,21,0,1,0.0031847133757961785,False,fixed
rf_random_search_best_threshold_050,random_forest,0.47,0.9299363057324841,0.49829351535836175,0.9965870307167235,0.0,0.0,0.0,0.0,0.6708922476840565,0.14464722364764732,292,1,21,0,1,0.0031847133757961785,False,fixed
rf_random_search_best_threshold_050,random_forest,0.475,0.9299363057324841,0.49829351535836175,0.9965870307167235,0.0,0.0,0.0,0.0,0.6708922476840565,0.14464722364764732,292,1,21,0,1,0.0031847133757961785,False,fixed
rf_random_search_best_threshold_050,random_forest,0.48,0.9299363057324841,0.49829351535836175,0.9965870307167235,0.0,0.0,0.0,0.0,0.6708922476840565,0.14464722364764732,292,1,21,0,1,0.0031847133757961785,False,fixed
rf_random_search_best_threshold_050,random_forest,0.485,0.9299363057324841,0.49829351535836175,0.9965870307167235,0.0,0.0,0.0,0.0,0.6708922476840565,0.14464722364764732,292,1,21,0,1,0.0031847133757961785,False,fixed
rf_random_search_best_threshold_050,random_forest,0.49,0.9299363057324841,0.49829351535836175,0.9965870307167235,0.0,0.0,0.0,0.0,0.6708922476840565,0.14464722364764732,292,1,21,0,1,0.0031847133757961785,False,fixed
rf_random_search_best_threshold_050,random_forest,0.495,0.9299363057324841,0.49829351535836175,0.9965870307167235,0.0,0.0,0.0,0.0,0.6708922476840565,0.14464722364764732,292,1,21,0,1,0.0031847133757961785,False,fixed
rf_random_search_best_threshold_050,random_forest,0.5,0.9299363057324841,0.49829351535836175,0.9965870307167235,0.0,0.0,0.0,0.0,0.6708922476840565,0.14464722364764732,292,1,21,0,1,0.0031847133757961785,True,fixed
rf_random_search_best_threshold_050,random_forest,0.505,0.9299363057324841,0.49829351535836175,0.9965870307167235,0.0,0.0,0.0,0.0,0.6708922476840565,0.14464722364764732,292,1,21,0,1,0.0031847133757961785,False,fixed
rf_random_search_best_threshold_050,random_forest,0.51,0.9299363057324841,0.49829351535836175,0.9965870307167235,0.0,0.0,0.0,0.0,0.6708922476840565,0.14464722364764732,292,1,21,0,1,0.0031847133757961785,False,fixed
rf_random_search_best_threshold_050,random_forest,0.515,0.9299363057324841,0.49829351535836175,0.9965870307167235,0.0,0.0,0.0,0.0,0.6708922476840565,0.14464722364764732,292,1,21,0,1,0.0031847133757961785,False,fixed
rf_random_search_best_threshold_050,random_forest,0.52,0.9331210191082803,0.5,1.0,0.0,0.0,0.0,0.0,0.6708922476840565,0.14464722364764732,293,0,21,0,0,0.0,False,fixed
rf_random_search_best_threshold_050,random_forest,0.525,0.9331210191082803,0.5,1.0,0.0,0.0,0.0,0.0,0.6708922476840565,0.14464722364764732,293,0,21,0,0,0.0,False,fixed
rf_random_search_best_threshold_050,random_forest,0.53,0.9331210191082803,0.5,1.0,0.0,0.0,0.0,0.0,0.6708922476840565,0.14464722364764732,293,0,21,0,0,0.0,False,fixed
rf_random_search_best_threshold_050,random_forest,0.535,0.9331210191082803,0.5,1.0,0.0,0.0,0.0,0.0,0.6708922476840565,0.14464722364764732,293,0,21,0,0,0.0,False,fixed
rf_random_search_best_threshold_050,random_forest,0.54,0.9331210191082803,0.5,1.0,0.0,0.0,0.0,0.0,0.6708922476840565,0.14464722364764732,293,0,21,0,0,0.0,False,fixed
rf_random_search_best_threshold_050,random_forest,0.545,0.9331210191082803,0.5,1.0,0.0,0.0,0.0,0.0,0.6708922476840565,0.14464722364764732,293,0,21,0,0,0.0,False,fixed
rf_random_search_best_threshold_050,random_forest,0.55,0.9331210191082803,0.5,1.0,0.0,0.0,0.0,0.0,0.6708922476840565,0.14464722364764732,293,0,21,0,0,0.0,False,fixed
rf_random_search_best_threshold_050,random_forest,0.555,0.9331210191082803,0.5,1.0,0.0,0.0,0.0,0.0,0.6708922476840565,0.14464722364764732,293,0,21,0,0,0.0,False,fixed
rf_random_search_best_threshold_050,random_forest,0.56,0.9331210191082803,0.5,1.0,0.0,0.0,0.0,0.0,0.6708922476840565,0.14464722364764732,293,0,21,0,0,0.0,False,fixed
rf_random_search_best_threshold_050,random_forest,0.565,0.9331210191082803,0.5,1.0,0.0,0.0,0.0,0.0,0.6708922476840565,0.14464722364764732,293,0,21,0,0,0.0,False,fixed
rf_random_search_best_threshold_050,random_forest,0.57,0.9331210191082803,0.5,1.0,0.0,0.0,0.0,0.0,0.6708922476840565,0.14464722364764732,293,0,21,0,0,0.0,False,fixed
rf_random_search_best_threshold_050,random_forest,0.575,0.9331210191082803,0.5,1.0,0.0,0.0,0.0,0.0,0.6708922476840565,0.14464722364764732,293,0,21,0,0,0.0,False,fixed
rf_random_search_best_threshold_050,random_forest,0.58,0.9331210191082803,0.5,1.0,0.0,0.0,0.0,0.0,0.6708922476840565,0.14464722364764732,293,0,21,0,0,0.0,False,fixed
rf_random_search_best_threshold_050,random_forest,0.585,0.9331210191082803,0.5,1.0,0.0,0.0,0.0,0.0,0.6708922476840565,0.14464722364764732,293,0,21,0,0,0.0,False,fixed
rf_random_search_best_threshold_050,random_forest,0.59,0.9331210191082803,0.5,1.0,0.0,0.0,0.0,0.0,0.6708922476840565,0.14464722364764732,293,0,21,0,0,0.0,False,fixed
rf_random_search_best_threshold_050,random_forest,0.595,0.9331210191082803,0.5,1.0,0.0,0.0,0.0,0.0,0.6708922476840565,0.14464722364764732,293,0,21,0,0,0.0,False,fixed
rf_random_search_best_threshold_050,random_forest,0.6,0.9331210191082803,0.5,1.0,0.0,0.0,0.0,0.0,0.6708922476840565,0.14464722364764732,293,0,21,0,0,0.0,False,fixed
rf_random_search_best_threshold_050,random_forest,0.605,0.9331210191082803,0.5,1.0,0.0,0.0,0.0,0.0,0.6708922476840565,0.14464722364764732,293,0,21,0,0,0.0,False,fixed
rf_random_search_best_threshold_050,random_forest,0.61,0.9331210191082803,0.5,1.0,0.0,0.0,0.0,0.0,0.6708922476840565,0.14464722364764732,293,0,21,0,0,0.0,False,fixed
rf_random_search_best_threshold_050,random_forest,0.615,0.9331210191082803,0.5,1.0,0.0,0.0,0.0,0.0,0.6708922476840565,0.14464722364764732,293,0,21,0,0,0.0,False,fixed
rf_random_search_best_threshold_050,random_forest,0.62,0.9331210191082803,0.5,1.0,0.0,0.0,0.0,0.0,0.6708922476840565,0.14464722364764732,293,0,21,0,0,0.0,False,fixed
rf_random_search_best_threshold_050,random_forest,0.625,0.9331210191082803,0.5,1.0,0.0,0.0,0.0,0.0,0.6708922476840565,0.14464722364764732,293,0,21,0,0,0.0,False,fixed
rf_random_search_best_threshold_050,random_forest,0.63,0.9331210191082803,0.5,1.0,0.0,0.0,0.0,0.0,0.6708922476840565,0.14464722364764732,293,0,21,0,0,0.0,False,fixed
rf_random_search_best_threshold_050,random_forest,0.635,0.9331210191082803,0.5,1.0,0.0,0.0,0.0,0.0,0.6708922476840565,0.14464722364764732,293,0,21,0,0,0.0,False,fixed
rf_random_search_best_threshold_050,random_forest,0.64,0.9331210191082803,0.5,1.0,0.0,0.0,0.0,0.0,0.6708922476840565,0.14464722364764732,293,0,21,0,0,0.0,False,fixed
rf_random_search_best_threshold_050,random_forest,0.645,0.9331210191082803,0.5,1.0,0.0,0.0,0.0,0.0,0.6708922476840565,0.14464722364764732,293,0,21,0,0,0.0,False,fixed
rf_random_search_best_threshold_050,random_forest,0.65,0.9331210191082803,0.5,1.0,0.0,0.0,0.0,0.0,0.6708922476840565,0.14464722364764732,293,0,21,0,0,0.0,False,fixed
rf_random_search_best_threshold_050,random_forest,0.655,0.9331210191082803,0.5,1.0,0.0,0.0,0.0,0.0,0.6708922476840565,0.14464722364764732,293,0,21,0,0,0.0,False,fixed
rf_random_search_best_threshold_050,random_forest,0.66,0.9331210191082803,0.5,1.0,0.0,0.0,0.0,0.0,0.6708922476840565,0.14464722364764732,293,0,21,0,0,0.0,False,fixed
rf_random_search_best_threshold_050,random_forest,0.665,0.9331210191082803,0.5,1.0,0.0,0.0,0.0,0.0,0.6708922476840565,0.14464722364764732,293,0,21,0,0,0.0,False,fixed
rf_random_search_best_threshold_050,random_forest,0.67,0.9331210191082803,0.5,1.0,0.0,0.0,0.0,0.0,0.6708922476840565,0.14464722364764732,293,0,21,0,0,0.0,False,fixed
rf_random_search_best_threshold_050,random_forest,0.675,0.9331210191082803,0.5,1.0,0.0,0.0,0.0,0.0,0.6708922476840565,0.14464722364764732,293,0,21,0,0,0.0,False,fixed
rf_random_search_best_threshold_050,random_forest,0.68,0.9331210191082803,0.5,1.0,0.0,0.0,0.0,0.0,0.6708922476840565,0.14464722364764732,293,0,21,0,0,0.0,False,fixed
rf_random_search_best_threshold_050,random_forest,0.685,0.9331210191082803,0.5,1.0,0.0,0.0,0.0,0.0,0.6708922476840565,0.14464722364764732,293,0,21,0,0,0.0,False,fixed
rf_random_search_best_threshold_050,random_forest,0.69,0.9331210191082803,0.5,1.0,0.0,0.0,0.0,0.0,0.6708922476840565,0.14464722364764732,293,0,21,0,0,0.0,False,fixed
rf_random_search_best_threshold_050,random_forest,0.695,0.9331210191082803,0.5,1.0,0.0,0.0,0.0,0.0,0.6708922476840565,0.14464722364764732,293,0,21,0,0,0.0,False,fixed
rf_random_search_best_threshold_050,random_forest,0.7,0.9331210191082803,0.5,1.0,0.0,0.0,0.0,0.0,0.6708922476840565,0.14464722364764732,293,0,21,0,0,0.0,False,fixed
rf_random_search_best_threshold_050,random_forest,0.705,0.9331210191082803,0.5,1.0,0.0,0.0,0.0,0.0,0.6708922476840565,0.14464722364764732,293,0,21,0,0,0.0,False,fixed
rf_random_search_best_threshold_050,random_forest,0.71,0.9331210191082803,0.5,1.0,0.0,0.0,0.0,0.0,0.6708922476840565,0.14464722364764732,293,0,21,0,0,0.0,False,fixed
rf_random_search_best_threshold_050,random_forest,0.715,0.9331210191082803,0.5,1.0,0.0,0.0,0.0,0.0,0.6708922476840565,0.14464722364764732,293,0,21,0,0,0.0,False,fixed
rf_random_search_best_threshold_050,random_forest,0.72,0.9331210191082803,0.5,1.0,0.0,0.0,0.0,0.0,0.6708922476840565,0.14464722364764732,293,0,21,0,0,0.0,False,fixed
rf_random_search_best_threshold_050,random_forest,0.725,0.9331210191082803,0.5,1.0,0.0,0.0,0.0,0.0,0.6708922476840565,0.14464722364764732,293,0,21,0,0,0.0,False,fixed
rf_random_search_best_threshold_050,random_forest,0.73,0.9331210191082803,0.5,1.0,0.0,0.0,0.0,0.0,0.6708922476840565,0.14464722364764732,293,0,21,0,0,0.0,False,fixed
rf_random_search_best_threshold_050,random_forest,0.735,0.9331210191082803,0.5,1.0,0.0,0.0,0.0,0.0,0.6708922476840565,0.14464722364764732,293,0,21,0,0,0.0,False,fixed
rf_random_search_best_threshold_050,random_forest,0.74,0.9331210191082803,0.5,1.0,0.0,0.0,0.0,0.0,0.6708922476840565,0.14464722364764732,293,0,21,0,0,0.0,False,fixed
rf_random_search_best_threshold_050,random_forest,0.745,0.9331210191082803,0.5,1.0,0.0,0.0,0.0,0.0,0.6708922476840565,0.14464722364764732,293,0,21,0,0,0.0,False,fixed
rf_random_search_best_threshold_050,random_forest,0.75,0.9331210191082803,0.5,1.0,0.0,0.0,0.0,0.0,0.6708922476840565,0.14464722364764732,293,0,21,0,0,0.0,False,fixed
rf_random_search_best_threshold_050,random_forest,0.755,0.9331210191082803,0.5,1.0,0.0,0.0,0.0,0.0,0.6708922476840565,0.14464722364764732,293,0,21,0,0,0.0,False,fixed
rf_random_search_best_threshold_050,random_forest,0.76,0.9331210191082803,0.5,1.0,0.0,0.0,0.0,0.0,0.6708922476840565,0.14464722364764732,293,0,21,0,0,0.0,False,fixed
rf_random_search_best_threshold_050,random_forest,0.765,0.9331210191082803,0.5,1.0,0.0,0.0,0.0,0.0,0.6708922476840565,0.14464722364764732,293,0,21,0,0,0.0,False,fixed
rf_random_search_best_threshold_050,random_forest,0.77,0.9331210191082803,0.5,1.0,0.0,0.0,0.0,0.0,0.6708922476840565,0.14464722364764732,293,0,21,0,0,0.0,False,fixed
rf_random_search_best_threshold_050,random_forest,0.775,0.9331210191082803,0.5,1.0,0.0,0.0,0.0,0.0,0.6708922476840565,0.14464722364764732,293,0,21,0,0,0.0,False,fixed
rf_random_search_best_threshold_050,random_forest,0.78,0.9331210191082803,0.5,1.0,0.0,0.0,0.0,0.0,0.6708922476840565,0.14464722364764732,293,0,21,0,0,0.0,False,fixed
rf_random_search_best_threshold_050,random_forest,0.785,0.9331210191082803,0.5,1.0,0.0,0.0,0.0,0.0,0.6708922476840565,0.14464722364764732,293,0,21,0,0,0.0,False,fixed
rf_random_search_best_threshold_050,random_forest,0.79,0.9331210191082803,0.5,1.0,0.0,0.0,0.0,0.0,0.6708922476840565,0.14464722364764732,293,0,21,0,0,0.0,False,fixed
rf_random_search_best_threshold_050,random_forest,0.795,0.9331210191082803,0.5,1.0,0.0,0.0,0.0,0.0,0.6708922476840565,0.14464722364764732,293,0,21,0,0,0.0,False,fixed
rf_random_search_best_threshold_050,random_forest,0.8,0.9331210191082803,0.5,1.0,0.0,0.0,0.0,0.0,0.6708922476840565,0.14464722364764732,293,0,21,0,0,0.0,False,fixed
rf_random_search_best_threshold_050,random_forest,0.805,0.9331210191082803,0.5,1.0,0.0,0.0,0.0,0.0,0.6708922476840565,0.14464722364764732,293,0,21,0,0,0.0,False,fixed
rf_random_search_best_threshold_050,random_forest,0.81,0.9331210191082803,0.5,1.0,0.0,0.0,0.0,0.0,0.6708922476840565,0.14464722364764732,293,0,21,0,0,0.0,False,fixed
rf_random_search_best_threshold_050,random_forest,0.815,0.9331210191082803,0.5,1.0,0.0,0.0,0.0,0.0,0.6708922476840565,0.14464722364764732,293,0,21,0,0,0.0,False,fixed
rf_random_search_best_threshold_050,random_forest,0.82,0.9331210191082803,0.5,1.0,0.0,0.0,0.0,0.0,0.6708922476840565,0.14464722364764732,293,0,21,0,0,0.0,False,fixed
rf_random_search_best_threshold_050,random_forest,0.825,0.9331210191082803,0.5,1.0,0.0,0.0,0.0,0.0,0.6708922476840565,0.14464722364764732,293,0,21,0,0,0.0,False,fixed
rf_random_search_best_threshold_050,random_forest,0.83,0.9331210191082803,0.5,1.0,0.0,0.0,0.0,0.0,0.6708922476840565,0.14464722364764732,293,0,21,0,0,0.0,False,fixed
rf_random_search_best_threshold_050,random_forest,0.835,0.9331210191082803,0.5,1.0,0.0,0.0,0.0,0.0,0.6708922476840565,0.14464722364764732,293,0,21,0,0,0.0,False,fixed
rf_random_search_best_threshold_050,random_forest,0.84,0.9331210191082803,0.5,1.0,0.0,0.0,0.0,0.0,0.6708922476840565,0.14464722364764732,293,0,21,0,0,0.0,False,fixed
rf_random_search_best_threshold_050,random_forest,0.845,0.9331210191082803,0.5,1.0,0.0,0.0,0.0,0.0,0.6708922476840565,0.14464722364764732,293,0,21,0,0,0.0,False,fixed
rf_random_search_best_threshold_050,random_forest,0.85,0.9331210191082803,0.5,1.0,0.0,0.0,0.0,0.0,0.6708922476840565,0.14464722364764732,293,0,21,0,0,0.0,False,fixed
rf_random_search_best_threshold_050,random_forest,0.855,0.9331210191082803,0.5,1.0,0.0,0.0,0.0,0.0,0.6708922476840565,0.14464722364764732,293,0,21,0,0,0.0,False,fixed
rf_random_search_best_threshold_050,random_forest,0.86,0.9331210191082803,0.5,1.0,0.0,0.0,0.0,0.0,0.6708922476840565,0.14464722364764732,293,0,21,0,0,0.0,False,fixed
rf_random_search_best_threshold_050,random_forest,0.865,0.9331210191082803,0.5,1.0,0.0,0.0,0.0,0.0,0.6708922476840565,0.14464722364764732,293,0,21,0,0,0.0,False,fixed
rf_random_search_best_threshold_050,random_forest,0.87,0.9331210191082803,0.5,1.0,0.0,0.0,0.0,0.0,0.6708922476840565,0.14464722364764732,293,0,21,0,0,0.0,False,fixed
rf_random_search_best_threshold_050,random_forest,0.875,0.9331210191082803,0.5,1.0,0.0,0.0,0.0,0.0,0.6708922476840565,0.14464722364764732,293,0,21,0,0,0.0,False,fixed
rf_random_search_best_threshold_050,random_forest,0.88,0.9331210191082803,0.5,1.0,0.0,0.0,0.0,0.0,0.6708922476840565,0.14464722364764732,293,0,21,0,0,0.0,False,fixed
rf_random_search_best_threshold_050,random_forest,0.885,0.9331210191082803,0.5,1.0,0.0,0.0,0.0,0.0,0.6708922476840565,0.14464722364764732,293,0,21,0,0,0.0,False,fixed
rf_random_search_best_threshold_050,random_forest,0.89,0.9331210191082803,0.5,1.0,0.0,0.0,0.0,0.0,0.6708922476840565,0.14464722364764732,293,0,21,0,0,0.0,False,fixed
rf_random_search_best_threshold_050,random_forest,0.895,0.9331210191082803,0.5,1.0,0.0,0.0,0.0,0.0,0.6708922476840565,0.14464722364764732,293,0,21,0,0,0.0,False,fixed
rf_random_search_best_threshold_050,random_forest,0.9,0.9331210191082803,0.5,1.0,0.0,0.0,0.0,0.0,0.6708922476840565,0.14464722364764732,293,0,21,0,0,0.0,False,fixed
rf_random_search_best_threshold_050,random_forest,0.905,0.9331210191082803,0.5,1.0,0.0,0.0,0.0,0.0,0.6708922476840565,0.14464722364764732,293,0,21,0,0,0.0,False,fixed
rf_random_search_best_threshold_050,random_forest,0.91,0.9331210191082803,0.5,1.0,0.0,0.0,0.0,0.0,0.6708922476840565,0.14464722364764732,293,0,21,0,0,0.0,False,fixed
rf_random_search_best_threshold_050,random_forest,0.915,0.9331210191082803,0.5,1.0,0.0,0.0,0.0,0.0,0.6708922476840565,0.14464722364764732,293,0,21,0,0,0.0,False,fixed
rf_random_search_best_threshold_050,random_forest,0.92,0.9331210191082803,0.5,1.0,0.0,0.0,0.0,0.0,0.6708922476840565,0.14464722364764732,293,0,21,0,0,0.0,False,fixed
rf_random_search_best_threshold_050,random_forest,0.925,0.9331210191082803,0.5,1.0,0.0,0.0,0.0,0.0,0.6708922476840565,0.14464722364764732,293,0,21,0,0,0.0,False,fixed
rf_random_search_best_threshold_050,random_forest,0.93,0.9331210191082803,0.5,1.0,0.0,0.0,0.0,0.0,0.6708922476840565,0.14464722364764732,293,0,21,0,0,0.0,False,fixed
rf_random_search_best_threshold_050,random_forest,0.935,0.9331210191082803,0.5,1.0,0.0,0.0,0.0,0.0,0.6708922476840565,0.14464722364764732,293,0,21,0,0,0.0,False,fixed
rf_random_search_best_threshold_050,random_forest,0.94,0.9331210191082803,0.5,1.0,0.0,0.0,0.0,0.0,0.6708922476840565,0.14464722364764732,293,0,21,0,0,0.0,False,fixed
rf_random_search_best_threshold_050,random_forest,0.945,0.9331210191082803,0.5,1.0,0.0,0.0,0.0,0.0,0.6708922476840565,0.14464722364764732,293,0,21,0,0,0.0,False,fixed
rf_random_search_best_threshold_050,random_forest,0.95,0.9331210191082803,0.5,1.0,0.0,0.0,0.0,0.0,0.6708922476840565,0.14464722364764732,293,0,21,0,0,0.0,False,fixed
rf_random_search_best_threshold_tuned,random_forest,0.05,0.2898089171974522,0.5752478465789046,0.24573378839590443,0.07916666666666666,0.9047619047619048,0.14559386973180077,0.2932098765432099,0.6708922476840565,0.14464722364764732,72,221,2,19,240,0.7643312101910829,False,validation_f2
rf_random_search_best_threshold_tuned,random_forest,0.055,0.34394904458598724,0.5821550463188688,0.30716723549488056,0.08144796380090498,0.8571428571428571,0.1487603305785124,0.29508196721311475,0.6708922476840565,0.14464722364764732,90,203,3,18,221,0.7038216560509554,False,validation_f2
rf_random_search_best_threshold_tuned,random_forest,0.06,0.3662420382165605,0.5719973996424508,0.33447098976109213,0.08018867924528301,0.8095238095238095,0.1459227467811159,0.28716216216216217,0.6708922476840565,0.14464722364764732,98,195,4,17,212,0.6751592356687898,False,validation_f2
rf_random_search_best_threshold_tuned,random_forest,0.065,0.4394904458598726,0.61124654640013,0.4129692832764505,0.08994708994708994,0.8095238095238095,0.1619047619047619,0.31135531135531136,0.6708922476840565,0.14464722364764732,121,172,4,17,189,0.6019108280254777,False,validation_f2
rf_random_search_best_threshold_tuned,random_forest,0.07,0.4872611464968153,0.6368438160247034,0.4641638225255973,0.09770114942528736,0.8095238095238095,0.17435897435897435,0.32945736434108525,0.6708922476840565,0.14464722364764732,136,157,4,17,174,0.554140127388535,False,validation_f2
rf_random_search_best_threshold_tuned,random_forest,0.075,0.5031847133757962,0.623273200065009,0.48464163822525597,0.09580838323353294,0.7619047619047619,0.1702127659574468,0.3187250996015936,0.6708922476840565,0.14464722364764732,142,151,5,16,167,0.5318471337579618,False,validation_f2
rf_random_search_best_threshold_tuned,random_forest,0.08,0.5222929936305732,0.6335121079148383,0.5051194539249146,0.09937888198757763,0.7619047619047619,0.17582417582417584,0.32653061224489793,0.6708922476840565,0.14464722364764732,148,145,5,16,161,0.5127388535031847,False,validation_f2
rf_random_search_best_threshold_tuned,random_forest,0.085,0.5445859872611465,0.6233544612384203,0.5324232081911263,0.09868421052631579,0.7142857142857143,0.17341040462427745,0.3177966101694915,0.6708922476840565,0.14464722364764732,156,137,6,15,152,0.4840764331210191,False,validation_f2
rf_random_search_best_threshold_tuned,random_forest,0.09,0.5636942675159236,0.6335933690882496,0.552901023890785,0.10273972602739725,0.7142857142857143,0.17964071856287425,0.32608695652173914,0.6708922476840565,0.14464722364764732,162,131,6,15,146,0.46496815286624205,False,validation_f2
rf_random_search_best_threshold_tuned,random_forest,0.095,0.5668789808917197,0.6131968145620023,0.5597269624573379,0.0979020979020979,0.6666666666666666,0.17073170731707318,0.30837004405286345,0.6708922476840565,0.14464722364764732,164,129,7,14,143,0.4554140127388535,False,validation_f2
rf_random_search_best_threshold_tuned,random_forest,0.1,0.5828025477707006,0.5996261986023078,0.5802047781569966,0.09558823529411764,0.6190476190476191,0.16560509554140126,0.29545454545454547,0.6708922476840565,0.14464722364764732,170,123,8,13,136,0.43312101910828027,False,validation_f2
rf_random_search_best_threshold_tuned,random_forest,0.105,0.6019108280254777,0.6098651064521372,0.6006825938566553,0.1,0.6190476190476191,0.17218543046357615,0.3037383177570093,0.6708922476840565,0.14464722364764732,176,117,8,13,130,0.4140127388535032,False,validation_f2
rf_random_search_best_threshold_tuned,random_forest,0.11,0.6146496815286624,0.5945880058508044,0.6177474402730375,0.0967741935483871,0.5714285714285714,0.16551724137931034,0.28846153846153844,0.6708922476840565,0.14464722364764732,181,112,9,12,124,0.39490445859872614,False,validation_f2
rf_random_search_best_threshold_tuned,random_forest,0.115,0.6369426751592356,0.606533398342272,0.6416382252559727,0.10256410256410256,0.5714285714285714,0.17391304347826086,0.29850746268656714,0.6708922476840565,0.14464722364764732,188,105,9,12,117,0.37261146496815284,False,validation_f2
rf_random_search_best_threshold_tuned,random_forest,0.12,0.6656050955414012,0.6218917601170161,0.6723549488054608,0.1111111111111111,0.5714285714285714,0.18604651162790697,0.3125,0.6708922476840565,0.14464722364764732,197,96,9,12,108,0.34394904458598724,False,validation_f2
rf_random_search_best_threshold_tuned,random_forest,0.125,0.6878980891719745,0.6338371526084836,0.6962457337883959,0.1188118811881188,0.5714285714285714,0.19672131147540983,0.32432432432432434,0.6708922476840565,0.14464722364764732,204,89,9,12,101,0.321656050955414,False,validation_f2
rf_random_search_best_threshold_tuned,random_forest,0.13,0.697452229299363,0.6389566065333983,0.7064846416382252,0.12244897959183673,0.5714285714285714,0.20168067226890757,0.32967032967032966,0.6708922476840565,0.14464722364764732,207,86,9,12,98,0.31210191082802546,True,validation_f2
rf_random_search_best_threshold_tuned,random_forest,0.135,0.7070063694267515,0.6219730212904275,0.7201365187713311,0.11827956989247312,0.5238095238095238,0.19298245614035087,0.3107344632768362,0.6708922476840565,0.14464722364764732,211,82,10,11,93,0.2961783439490446,False,validation_f2
rf_random_search_best_threshold_tuned,random_forest,0.14,0.7229299363057324,0.6305054444986186,0.7372013651877133,0.125,0.5238095238095238,0.2018348623853211,0.31976744186046513,0.6708922476840565,0.14464722364764732,216,77,10,11,88,0.2802547770700637,False,validation_f2
rf_random_search_best_threshold_tuned,random_forest,0.145,0.7356687898089171,0.6373313830651715,0.7508532423208191,0.13095238095238096,0.5238095238095238,0.20952380952380953,0.3273809523809524,0.6708922476840565,0.14464722364764732,220,73,10,11,84,0.267515923566879,False,validation_f2
rf_random_search_best_threshold_tuned,random_forest,0.15,0.7420382165605095,0.6186413131805624,0.7610921501706485,0.125,0.47619047619047616,0.19801980198019803,0.3048780487804878,0.6708922476840565,0.14464722364764732,223,70,11,10,80,0.25477707006369427,False,validation_f2
rf_random_search_best_threshold_tuned,random_forest,0.155,0.7547770700636943,0.6254672517471151,0.7747440273037542,0.13157894736842105,0.47619047619047616,0.20618556701030927,0.3125,0.6708922476840565,0.14464722364764732,227,66,11,10,76,0.24203821656050956,False,validation_f2
rf_random_search_best_threshold_tuned,random_forest,0.16,0.767515923566879,0.6322931903136682,0.78839590443686,0.1388888888888889,0.47619047619047616,0.21505376344086022,0.32051282051282054,0.6708922476840565,0.14464722364764732,231,62,11,10,72,0.22929936305732485,False,validation_f2
rf_random_search_best_threshold_tuned,random_forest,0.165,0.7802547770700637,0.6170160897123355,0.8054607508532423,0.13636363636363635,0.42857142857142855,0.20689655172413793,0.3,0.6708922476840565,0.14464722364764732,236,57,12,9,66,0.21019108280254778,False,validation_f2
rf_random_search_best_threshold_tuned,random_forest,0.17,0.7834394904458599,0.6187225743539737,0.8088737201365188,0.13846153846153847,0.42857142857142855,0.20930232558139536,0.30201342281879195,0.6708922476840565,0.14464722364764732,237,56,12,9,65,0.2070063694267516,False,validation_f2
rf_random_search_best_threshold_tuned,random_forest,0.175,0.7929936305732485,0.5796359499431172,0.825938566552901,0.1206896551724138,0.3333333333333333,0.17721518987341772,0.24647887323943662,0.6708922476840565,0.14464722364764732,242,51,14,7,58,0.18471337579617833,False,validation_f2
rf_random_search_best_threshold_tuned,random_forest,0.18,0.7993630573248408,0.5830489192263936,0.8327645051194539,0.125,0.3333333333333333,0.18181818181818182,0.25,0.6708922476840565,0.14464722364764732,244,49,14,7,56,0.17834394904458598,False,validation_f2
rf_random_search_best_threshold_tuned,random_forest,0.185,0.802547770700637,0.5847554038680318,0.8361774744027304,0.12727272727272726,0.3333333333333333,0.18421052631578946,0.2517985611510791,0.6708922476840565,0.14464722364764732,245,48,14,7,55,0.1751592356687898,False,validation_f2
rf_random_search_best_threshold_tuned,random_forest,0.19,0.8121019108280255,0.5898748577929466,0.8464163822525598,0.1346153846153846,0.3333333333333333,0.1917808219178082,0.25735294117647056,0.6708922476840565,0.14464722364764732,248,45,14,7,52,0.16560509554140126,False,validation_f2
rf_random_search_best_threshold_tuned,random_forest,0.195,0.8184713375796179,0.593287827076223,0.8532423208191127,0.14,0.3333333333333333,0.19718309859154928,0.26119402985074625,0.6708922476840565,0.14464722364764732,250,43,14,7,50,0.1592356687898089,False,validation_f2
rf_random_search_best_threshold_tuned,random_forest,0.2,0.821656050955414,0.5949943117178612,0.856655290102389,0.14285714285714285,0.3333333333333333,0.2,0.2631578947368421,0.6708922476840565,0.14464722364764732,251,42,14,7,49,0.15605095541401273,False,validation_f2
rf_random_search_best_threshold_tuned,random_forest,0.205,0.8280254777070064,0.5984072810011376,0.863481228668942,0.14893617021276595,0.3333333333333333,0.20588235294117646,0.26717557251908397,0.6708922476840565,0.14464722364764732,253,40,14,7,47,0.14968152866242038,False,validation_f2
rf_random_search_best_threshold_tuned,random_forest,0.21,0.8343949044585988,0.6018202502844141,0.8703071672354948,0.15555555555555556,0.3333333333333333,0.21212121212121213,0.2713178294573643,0.6708922476840565,0.14464722364764732,255,38,14,7,45,0.14331210191082802,False,validation_f2
rf_random_search_best_threshold_tuned,random_forest,0.215,0.8407643312101911,0.5610271412319194,0.8839590443686007,0.1282051282051282,0.23809523809523808,0.16666666666666666,0.2032520325203252,0.6708922476840565,0.14464722364764732,259,34,16,5,39,0.12420382165605096,False,validation_f2
rf_random_search_best_threshold_tuned,random_forest,0.22,0.8503184713375797,0.5661465951568341,0.89419795221843,0.1388888888888889,0.23809523809523808,0.17543859649122806,0.20833333333333334,0.6708922476840565,0.14464722364764732,262,31,16,5,36,0.11464968152866242,False,validation_f2
rf_random_search_best_threshold_tuned,random_forest,0.225,0.8630573248407644,0.5508694945555014,0.9112627986348123,0.13333333333333333,0.19047619047619047,0.1568627450980392,0.17543859649122806,0.6708922476840565,0.14464722364764732,267,26,17,4,30,0.09554140127388536,False,validation_f2
rf_random_search_best_threshold_tuned,random_forest,0.23,0.8662420382165605,0.5525759791971396,0.9146757679180887,0.13793103448275862,0.19047619047619047,0.16,0.17699115044247787,0.6708922476840565,0.14464722364764732,268,25,17,4,29,0.09235668789808917,False,validation_f2
rf_random_search_best_threshold_tuned,random_forest,0.235,0.8726114649681529,0.5559889484804161,0.9215017064846417,0.14814814814814814,0.19047619047619047,0.16666666666666666,0.18018018018018017,0.6708922476840565,0.14464722364764732,270,23,17,4,27,0.08598726114649681,False,validation_f2
rf_random_search_best_threshold_tuned,random_forest,0.24,0.8789808917197452,0.5594019177636925,0.9283276450511946,0.16,0.19047619047619047,0.17391304347826086,0.1834862385321101,0.6708922476840565,0.14464722364764732,272,21,17,4,25,0.07961783439490445,False,validation_f2
rf_random_search_best_threshold_tuned,random_forest,0.245,0.8821656050955414,0.5611084024053308,0.931740614334471,0.16666666666666666,0.19047619047619047,0.17777777777777778,0.18518518518518517,0.6708922476840565,0.14464722364764732,273,20,17,4,24,0.07643312101910828,False,validation_f2
rf_random_search_best_threshold_tuned,random_forest,0.25,0.8885350318471338,0.5645213716886072,0.9385665529010239,0.18181818181818182,0.19047619047619047,0.18604651162790697,0.18867924528301888,0.6708922476840565,0.14464722364764732,275,18,17,4,22,0.07006369426751592,False,validation_f2
rf_random_search_best_threshold_tuned,random_forest,0.255,0.89171974522293,0.5441248171623598,0.9453924914675768,0.15789473684210525,0.14285714285714285,0.15,0.14563106796116504,0.6708922476840565,0.14464722364764732,277,16,18,3,19,0.06050955414012739,False,validation_f2
rf_random_search_best_threshold_tuned,random_forest,0.26,0.89171974522293,0.5441248171623598,0.9453924914675768,0.15789473684210525,0.14285714285714285,0.15,0.14563106796116504,0.6708922476840565,0.14464722364764732,277,16,18,3,19,0.06050955414012739,False,validation_f2
rf_random_search_best_threshold_tuned,random_forest,0.265,0.89171974522293,0.5441248171623598,0.9453924914675768,0.15789473684210525,0.14285714285714285,0.15,0.14563106796116504,0.6708922476840565,0.14464722364764732,277,16,18,3,19,0.06050955414012739,False,validation_f2
rf_random_search_best_threshold_tuned,random_forest,0.27,0.89171974522293,0.5441248171623598,0.9453924914675768,0.15789473684210525,0.14285714285714285,0.15,0.14563106796116504,0.6708922476840565,0.14464722364764732,277,16,18,3,19,0.06050955414012739,False,validation_f2
rf_random_search_best_threshold_tuned,random_forest,0.275,0.8980891719745223,0.5475377864456362,0.9522184300341296,0.17647058823529413,0.14285714285714285,0.15789473684210525,0.1485148514851485,0.6708922476840565,0.14464722364764732,279,14,18,3,17,0.054140127388535034,False,validation_f2
rf_random_search_best_threshold_tuned,random_forest,0.28,0.8980891719745223,0.5475377864456362,0.9522184300341296,0.17647058823529413,0.14285714285714285,0.15789473684210525,0.1485148514851485,0.6708922476840565,0.14464722364764732,279,14,18,3,17,0.054140127388535034,False,validation_f2
rf_random_search_best_threshold_tuned,random_forest,0.285,0.8949044585987261,0.5237282626361124,0.9522184300341296,0.125,0.09523809523809523,0.10810810810810811,0.1,0.6708922476840565,0.14464722364764732,279,14,19,2,16,0.050955414012738856,False,validation_f2
rf_random_search_best_threshold_tuned,random_forest,0.29,0.8949044585987261,0.5237282626361124,0.9522184300341296,0.125,0.09523809523809523,0.10810810810810811,0.1,0.6708922476840565,0.14464722364764732,279,14,19,2,16,0.050955414012738856,False,validation_f2
rf_random_search_best_threshold_tuned,random_forest,0.295,0.8980891719745223,0.5254347472777507,0.9556313993174061,0.13333333333333333,0.09523809523809523,0.1111111111111111,0.10101010101010101,0.6708922476840565,0.14464722364764732,280,13,19,2,15,0.04777070063694268,False,validation_f2
rf_random_search_best_threshold_tuned,random_forest,0.3,0.9012738853503185,0.5271412319193889,0.9590443686006825,0.14285714285714285,0.09523809523809523,0.11428571428571428,0.10204081632653061,0.6708922476840565,0.14464722364764732,281,12,19,2,14,0.044585987261146494,False,validation_f2
rf_random_search_best_threshold_tuned,random_forest,0.305,0.9044585987261147,0.5288477165610271,0.962457337883959,0.15384615384615385,0.09523809523809523,0.11764705882352941,0.10309278350515463,0.6708922476840565,0.14464722364764732,282,11,19,2,13,0.041401273885350316,False,validation_f2
rf_random_search_best_threshold_tuned,random_forest,0.31,0.9076433121019108,0.5305542012026654,0.9658703071672355,0.16666666666666666,0.09523809523809523,0.12121212121212122,0.10416666666666667,0.6708922476840565,0.14464722364764732,283,10,19,2,12,0.03821656050955414,False,validation_f2
rf_random_search_best_threshold_tuned,random_forest,0.315,0.9076433121019108,0.5305542012026654,0.9658703071672355,0.16666666666666666,0.09523809523809523,0.12121212121212122,0.10416666666666667,0.6708922476840565,0.14464722364764732,283,10,19,2,12,0.03821656050955414,False,validation_f2
rf_random_search_best_threshold_tuned,random_forest,0.32,0.910828025477707,0.510157646676418,0.9726962457337884,0.1111111111111111,0.047619047619047616,0.06666666666666667,0.053763440860215055,0.6708922476840565,0.14464722364764732,285,8,20,1,9,0.028662420382165606,False,validation_f2
rf_random_search_best_threshold_tuned,random_forest,0.325,0.9171974522292994,0.5135706159596944,0.9795221843003413,0.14285714285714285,0.047619047619047616,0.07142857142857142,0.054945054945054944,0.6708922476840565,0.14464722364764732,287,6,20,1,7,0.022292993630573247,False,validation_f2
rf_random_search_best_threshold_tuned,random_forest,0.33,0.9203821656050956,0.5152771006013327,0.9829351535836177,0.16666666666666666,0.047619047619047616,0.07407407407407407,0.05555555555555555,0.6708922476840565,0.14464722364764732,288,5,20,1,6,0.01910828025477707,False,validation_f2
rf_random_search_best_threshold_tuned,random_forest,0.335,0.9203821656050956,0.5152771006013327,0.9829351535836177,0.16666666666666666,0.047619047619047616,0.07407407407407407,0.05555555555555555,0.6708922476840565,0.14464722364764732,288,5,20,1,6,0.01910828025477707,False,validation_f2
rf_random_search_best_threshold_tuned,random_forest,0.34,0.9203821656050956,0.5152771006013327,0.9829351535836177,0.16666666666666666,0.047619047619047616,0.07407407407407407,0.05555555555555555,0.6708922476840565,0.14464722364764732,288,5,20,1,6,0.01910828025477707,False,validation_f2
rf_random_search_best_threshold_tuned,random_forest,0.345,0.9203821656050956,0.5152771006013327,0.9829351535836177,0.16666666666666666,0.047619047619047616,0.07407407407407407,0.05555555555555555,0.6708922476840565,0.14464722364764732,288,5,20,1,6,0.01910828025477707,False,validation_f2
rf_random_search_best_threshold_tuned,random_forest,0.35,0.9203821656050956,0.5152771006013327,0.9829351535836177,0.16666666666666666,0.047619047619047616,0.07407407407407407,0.05555555555555555,0.6708922476840565,0.14464722364764732,288,5,20,1,6,0.01910828025477707,False,validation_f2
rf_random_search_best_threshold_tuned,random_forest,0.355,0.9203821656050956,0.5152771006013327,0.9829351535836177,0.16666666666666666,0.047619047619047616,0.07407407407407407,0.05555555555555555,0.6708922476840565,0.14464722364764732,288,5,20,1,6,0.01910828025477707,False,validation_f2
rf_random_search_best_threshold_tuned,random_forest,0.36,0.9235668789808917,0.5169835852429709,0.9863481228668942,0.2,0.047619047619047616,0.07692307692307693,0.056179775280898875,0.6708922476840565,0.14464722364764732,289,4,20,1,5,0.01592356687898089,False,validation_f2
rf_random_search_best_threshold_tuned,random_forest,0.365,0.9235668789808917,0.5169835852429709,0.9863481228668942,0.2,0.047619047619047616,0.07692307692307693,0.056179775280898875,0.6708922476840565,0.14464722364764732,289,4,20,1,5,0.01592356687898089,False,validation_f2
rf_random_search_best_threshold_tuned,random_forest,0.37,0.9331210191082803,0.5221030391678856,0.9965870307167235,0.5,0.047619047619047616,0.08695652173913043,0.05813953488372093,0.6708922476840565,0.14464722364764732,292,1,20,1,2,0.006369426751592357,False,validation_f2
rf_random_search_best_threshold_tuned,random_forest,0.375,0.9331210191082803,0.5221030391678856,0.9965870307167235,0.5,0.047619047619047616,0.08695652173913043,0.05813953488372093,0.6708922476840565,0.14464722364764732,292,1,20,1,2,0.006369426751592357,False,validation_f2
rf_random_search_best_threshold_tuned,random_forest,0.38,0.9331210191082803,0.5221030391678856,0.9965870307167235,0.5,0.047619047619047616,0.08695652173913043,0.05813953488372093,0.6708922476840565,0.14464722364764732,292,1,20,1,2,0.006369426751592357,False,validation_f2
rf_random_search_best_threshold_tuned,random_forest,0.385,0.9331210191082803,0.5221030391678856,0.9965870307167235,0.5,0.047619047619047616,0.08695652173913043,0.05813953488372093,0.6708922476840565,0.14464722364764732,292,1,20,1,2,0.006369426751592357,False,validation_f2
rf_random_search_best_threshold_tuned,random_forest,0.39,0.9331210191082803,0.5221030391678856,0.9965870307167235,0.5,0.047619047619047616,0.08695652173913043,0.05813953488372093,0.6708922476840565,0.14464722364764732,292,1,20,1,2,0.006369426751592357,False,validation_f2
rf_random_search_best_threshold_tuned,random_forest,0.395,0.9331210191082803,0.5221030391678856,0.9965870307167235,0.5,0.047619047619047616,0.08695652173913043,0.05813953488372093,0.6708922476840565,0.14464722364764732,292,1,20,1,2,0.006369426751592357,False,validation_f2
rf_random_search_best_threshold_tuned,random_forest,0.4,0.9331210191082803,0.5221030391678856,0.9965870307167235,0.5,0.047619047619047616,0.08695652173913043,0.05813953488372093,0.6708922476840565,0.14464722364764732,292,1,20,1,2,0.006369426751592357,False,validation_f2
rf_random_search_best_threshold_tuned,random_forest,0.405,0.9331210191082803,0.5221030391678856,0.9965870307167235,0.5,0.047619047619047616,0.08695652173913043,0.05813953488372093,0.6708922476840565,0.14464722364764732,292,1,20,1,2,0.006369426751592357,False,validation_f2
rf_random_search_best_threshold_tuned,random_forest,0.41,0.9331210191082803,0.5221030391678856,0.9965870307167235,0.5,0.047619047619047616,0.08695652173913043,0.05813953488372093,0.6708922476840565,0.14464722364764732,292,1,20,1,2,0.006369426751592357,False,validation_f2
rf_random_search_best_threshold_tuned,random_forest,0.415,0.9331210191082803,0.5221030391678856,0.9965870307167235,0.5,0.047619047619047616,0.08695652173913043,0.05813953488372093,0.6708922476840565,0.14464722364764732,292,1,20,1,2,0.006369426751592357,False,validation_f2
rf_random_search_best_threshold_tuned,random_forest,0.42,0.9331210191082803,0.5221030391678856,0.9965870307167235,0.5,0.047619047619047616,0.08695652173913043,0.05813953488372093,0.6708922476840565,0.14464722364764732,292,1,20,1,2,0.006369426751592357,False,validation_f2
rf_random_search_best_threshold_tuned,random_forest,0.425,0.9331210191082803,0.5221030391678856,0.9965870307167235,0.5,0.047619047619047616,0.08695652173913043,0.05813953488372093,0.6708922476840565,0.14464722364764732,292,1,20,1,2,0.006369426751592357,False,validation_f2
rf_random_search_best_threshold_tuned,random_forest,0.43,0.9331210191082803,0.5221030391678856,0.9965870307167235,0.5,0.047619047619047616,0.08695652173913043,0.05813953488372093,0.6708922476840565,0.14464722364764732,292,1,20,1,2,0.006369426751592357,False,validation_f2
rf_random_search_best_threshold_tuned,random_forest,0.435,0.9331210191082803,0.5221030391678856,0.9965870307167235,0.5,0.047619047619047616,0.08695652173913043,0.05813953488372093,0.6708922476840565,0.14464722364764732,292,1,20,1,2,0.006369426751592357,False,validation_f2
rf_random_search_best_threshold_tuned,random_forest,0.44,0.9299363057324841,0.49829351535836175,0.9965870307167235,0.0,0.0,0.0,0.0,0.6708922476840565,0.14464722364764732,292,1,21,0,1,0.0031847133757961785,False,validation_f2
rf_random_search_best_threshold_tuned,random_forest,0.445,0.9299363057324841,0.49829351535836175,0.9965870307167235,0.0,0.0,0.0,0.0,0.6708922476840565,0.14464722364764732,292,1,21,0,1,0.0031847133757961785,False,validation_f2
rf_random_search_best_threshold_tuned,random_forest,0.45,0.9299363057324841,0.49829351535836175,0.9965870307167235,0.0,0.0,0.0,0.0,0.6708922476840565,0.14464722364764732,292,1,21,0,1,0.0031847133757961785,False,validation_f2
rf_random_search_best_threshold_tuned,random_forest,0.455,0.9299363057324841,0.49829351535836175,0.9965870307167235,0.0,0.0,0.0,0.0,0.6708922476840565,0.14464722364764732,292,1,21,0,1,0.0031847133757961785,False,validation_f2
rf_random_search_best_threshold_tuned,random_forest,0.46,0.9299363057324841,0.49829351535836175,0.9965870307167235,0.0,0.0,0.0,0.0,0.6708922476840565,0.14464722364764732,292,1,21,0,1,0.0031847133757961785,False,validation_f2
rf_random_search_best_threshold_tuned,random_forest,0.465,0.9299363057324841,0.49829351535836175,0.9965870307167235,0.0,0.0,0.0,0.0,0.6708922476840565,0.14464722364764732,292,1,21,0,1,0.0031847133757961785,False,validation_f2
rf_random_search_best_threshold_tuned,random_forest,0.47,0.9299363057324841,0.49829351535836175,0.9965870307167235,0.0,0.0,0.0,0.0,0.6708922476840565,0.14464722364764732,292,1,21,0,1,0.0031847133757961785,False,validation_f2
rf_random_search_best_threshold_tuned,random_forest,0.475,0.9299363057324841,0.49829351535836175,0.9965870307167235,0.0,0.0,0.0,0.0,0.6708922476840565,0.14464722364764732,292,1,21,0,1,0.0031847133757961785,False,validation_f2
rf_random_search_best_threshold_tuned,random_forest,0.48,0.9299363057324841,0.49829351535836175,0.9965870307167235,0.0,0.0,0.0,0.0,0.6708922476840565,0.14464722364764732,292,1,21,0,1,0.0031847133757961785,False,validation_f2
rf_random_search_best_threshold_tuned,random_forest,0.485,0.9299363057324841,0.49829351535836175,0.9965870307167235,0.0,0.0,0.0,0.0,0.6708922476840565,0.14464722364764732,292,1,21,0,1,0.0031847133757961785,False,validation_f2
rf_random_search_best_threshold_tuned,random_forest,0.49,0.9299363057324841,0.49829351535836175,0.9965870307167235,0.0,0.0,0.0,0.0,0.6708922476840565,0.14464722364764732,292,1,21,0,1,0.0031847133757961785,False,validation_f2
rf_random_search_best_threshold_tuned,random_forest,0.495,0.9299363057324841,0.49829351535836175,0.9965870307167235,0.0,0.0,0.0,0.0,0.6708922476840565,0.14464722364764732,292,1,21,0,1,0.0031847133757961785,False,validation_f2
rf_random_search_best_threshold_tuned,random_forest,0.5,0.9299363057324841,0.49829351535836175,0.9965870307167235,0.0,0.0,0.0,0.0,0.6708922476840565,0.14464722364764732,292,1,21,0,1,0.0031847133757961785,False,validation_f2
rf_random_search_best_threshold_tuned,random_forest,0.505,0.9299363057324841,0.49829351535836175,0.9965870307167235,0.0,0.0,0.0,0.0,0.6708922476840565,0.14464722364764732,292,1,21,0,1,0.0031847133757961785,False,validation_f2
rf_random_search_best_threshold_tuned,random_forest,0.51,0.9299363057324841,0.49829351535836175,0.9965870307167235,0.0,0.0,0.0,0.0,0.6708922476840565,0.14464722364764732,292,1,21,0,1,0.0031847133757961785,False,validation_f2
rf_random_search_best_threshold_tuned,random_forest,0.515,0.9299363057324841,0.49829351535836175,0.9965870307167235,0.0,0.0,0.0,0.0,0.6708922476840565,0.14464722364764732,292,1,21,0,1,0.0031847133757961785,False,validation_f2
rf_random_search_best_threshold_tuned,random_forest,0.52,0.9331210191082803,0.5,1.0,0.0,0.0,0.0,0.0,0.6708922476840565,0.14464722364764732,293,0,21,0,0,0.0,False,validation_f2
rf_random_search_best_threshold_tuned,random_forest,0.525,0.9331210191082803,0.5,1.0,0.0,0.0,0.0,0.0,0.6708922476840565,0.14464722364764732,293,0,21,0,0,0.0,False,validation_f2
rf_random_search_best_threshold_tuned,random_forest,0.53,0.9331210191082803,0.5,1.0,0.0,0.0,0.0,0.0,0.6708922476840565,0.14464722364764732,293,0,21,0,0,0.0,False,validation_f2
rf_random_search_best_threshold_tuned,random_forest,0.535,0.9331210191082803,0.5,1.0,0.0,0.0,0.0,0.0,0.6708922476840565,0.14464722364764732,293,0,21,0,0,0.0,False,validation_f2
rf_random_search_best_threshold_tuned,random_forest,0.54,0.9331210191082803,0.5,1.0,0.0,0.0,0.0,0.0,0.6708922476840565,0.14464722364764732,293,0,21,0,0,0.0,False,validation_f2
rf_random_search_best_threshold_tuned,random_forest,0.545,0.9331210191082803,0.5,1.0,0.0,0.0,0.0,0.0,0.6708922476840565,0.14464722364764732,293,0,21,0,0,0.0,False,validation_f2
rf_random_search_best_threshold_tuned,random_forest,0.55,0.9331210191082803,0.5,1.0,0.0,0.0,0.0,0.0,0.6708922476840565,0.14464722364764732,293,0,21,0,0,0.0,False,validation_f2
rf_random_search_best_threshold_tuned,random_forest,0.555,0.9331210191082803,0.5,1.0,0.0,0.0,0.0,0.0,0.6708922476840565,0.14464722364764732,293,0,21,0,0,0.0,False,validation_f2
rf_random_search_best_threshold_tuned,random_forest,0.56,0.9331210191082803,0.5,1.0,0.0,0.0,0.0,0.0,0.6708922476840565,0.14464722364764732,293,0,21,0,0,0.0,False,validation_f2
rf_random_search_best_threshold_tuned,random_forest,0.565,0.9331210191082803,0.5,1.0,0.0,0.0,0.0,0.0,0.6708922476840565,0.14464722364764732,293,0,21,0,0,0.0,False,validation_f2
rf_random_search_best_threshold_tuned,random_forest,0.57,0.9331210191082803,0.5,1.0,0.0,0.0,0.0,0.0,0.6708922476840565,0.14464722364764732,293,0,21,0,0,0.0,False,validation_f2
rf_random_search_best_threshold_tuned,random_forest,0.575,0.9331210191082803,0.5,1.0,0.0,0.0,0.0,0.0,0.6708922476840565,0.14464722364764732,293,0,21,0,0,0.0,False,validation_f2
rf_random_search_best_threshold_tuned,random_forest,0.58,0.9331210191082803,0.5,1.0,0.0,0.0,0.0,0.0,0.6708922476840565,0.14464722364764732,293,0,21,0,0,0.0,False,validation_f2
rf_random_search_best_threshold_tuned,random_forest,0.585,0.9331210191082803,0.5,1.0,0.0,0.0,0.0,0.0,0.6708922476840565,0.14464722364764732,293,0,21,0,0,0.0,False,validation_f2
rf_random_search_best_threshold_tuned,random_forest,0.59,0.9331210191082803,0.5,1.0,0.0,0.0,0.0,0.0,0.6708922476840565,0.14464722364764732,293,0,21,0,0,0.0,False,validation_f2
rf_random_search_best_threshold_tuned,random_forest,0.595,0.9331210191082803,0.5,1.0,0.0,0.0,0.0,0.0,0.6708922476840565,0.14464722364764732,293,0,21,0,0,0.0,False,validation_f2
rf_random_search_best_threshold_tuned,random_forest,0.6,0.9331210191082803,0.5,1.0,0.0,0.0,0.0,0.0,0.6708922476840565,0.14464722364764732,293,0,21,0,0,0.0,False,validation_f2
rf_random_search_best_threshold_tuned,random_forest,0.605,0.9331210191082803,0.5,1.0,0.0,0.0,0.0,0.0,0.6708922476840565,0.14464722364764732,293,0,21,0,0,0.0,False,validation_f2
rf_random_search_best_threshold_tuned,random_forest,0.61,0.9331210191082803,0.5,1.0,0.0,0.0,0.0,0.0,0.6708922476840565,0.14464722364764732,293,0,21,0,0,0.0,False,validation_f2
rf_random_search_best_threshold_tuned,random_forest,0.615,0.9331210191082803,0.5,1.0,0.0,0.0,0.0,0.0,0.6708922476840565,0.14464722364764732,293,0,21,0,0,0.0,False,validation_f2
rf_random_search_best_threshold_tuned,random_forest,0.62,0.9331210191082803,0.5,1.0,0.0,0.0,0.0,0.0,0.6708922476840565,0.14464722364764732,293,0,21,0,0,0.0,False,validation_f2
rf_random_search_best_threshold_tuned,random_forest,0.625,0.9331210191082803,0.5,1.0,0.0,0.0,0.0,0.0,0.6708922476840565,0.14464722364764732,293,0,21,0,0,0.0,False,validation_f2
rf_random_search_best_threshold_tuned,random_forest,0.63,0.9331210191082803,0.5,1.0,0.0,0.0,0.0,0.0,0.6708922476840565,0.14464722364764732,293,0,21,0,0,0.0,False,validation_f2
rf_random_search_best_threshold_tuned,random_forest,0.635,0.9331210191082803,0.5,1.0,0.0,0.0,0.0,0.0,0.6708922476840565,0.14464722364764732,293,0,21,0,0,0.0,False,validation_f2
rf_random_search_best_threshold_tuned,random_forest,0.64,0.9331210191082803,0.5,1.0,0.0,0.0,0.0,0.0,0.6708922476840565,0.14464722364764732,293,0,21,0,0,0.0,False,validation_f2
rf_random_search_best_threshold_tuned,random_forest,0.645,0.9331210191082803,0.5,1.0,0.0,0.0,0.0,0.0,0.6708922476840565,0.14464722364764732,293,0,21,0,0,0.0,False,validation_f2
rf_random_search_best_threshold_tuned,random_forest,0.65,0.9331210191082803,0.5,1.0,0.0,0.0,0.0,0.0,0.6708922476840565,0.14464722364764732,293,0,21,0,0,0.0,False,validation_f2
rf_random_search_best_threshold_tuned,random_forest,0.655,0.9331210191082803,0.5,1.0,0.0,0.0,0.0,0.0,0.6708922476840565,0.14464722364764732,293,0,21,0,0,0.0,False,validation_f2
rf_random_search_best_threshold_tuned,random_forest,0.66,0.9331210191082803,0.5,1.0,0.0,0.0,0.0,0.0,0.6708922476840565,0.14464722364764732,293,0,21,0,0,0.0,False,validation_f2
rf_random_search_best_threshold_tuned,random_forest,0.665,0.9331210191082803,0.5,1.0,0.0,0.0,0.0,0.0,0.6708922476840565,0.14464722364764732,293,0,21,0,0,0.0,False,validation_f2
rf_random_search_best_threshold_tuned,random_forest,0.67,0.9331210191082803,0.5,1.0,0.0,0.0,0.0,0.0,0.6708922476840565,0.14464722364764732,293,0,21,0,0,0.0,False,validation_f2
rf_random_search_best_threshold_tuned,random_forest,0.675,0.9331210191082803,0.5,1.0,0.0,0.0,0.0,0.0,0.6708922476840565,0.14464722364764732,293,0,21,0,0,0.0,False,validation_f2
rf_random_search_best_threshold_tuned,random_forest,0.68,0.9331210191082803,0.5,1.0,0.0,0.0,0.0,0.0,0.6708922476840565,0.14464722364764732,293,0,21,0,0,0.0,False,validation_f2
rf_random_search_best_threshold_tuned,random_forest,0.685,0.9331210191082803,0.5,1.0,0.0,0.0,0.0,0.0,0.6708922476840565,0.14464722364764732,293,0,21,0,0,0.0,False,validation_f2
rf_random_search_best_threshold_tuned,random_forest,0.69,0.9331210191082803,0.5,1.0,0.0,0.0,0.0,0.0,0.6708922476840565,0.14464722364764732,293,0,21,0,0,0.0,False,validation_f2
rf_random_search_best_threshold_tuned,random_forest,0.695,0.9331210191082803,0.5,1.0,0.0,0.0,0.0,0.0,0.6708922476840565,0.14464722364764732,293,0,21,0,0,0.0,False,validation_f2
rf_random_search_best_threshold_tuned,random_forest,0.7,0.9331210191082803,0.5,1.0,0.0,0.0,0.0,0.0,0.6708922476840565,0.14464722364764732,293,0,21,0,0,0.0,False,validation_f2
rf_random_search_best_threshold_tuned,random_forest,0.705,0.9331210191082803,0.5,1.0,0.0,0.0,0.0,0.0,0.6708922476840565,0.14464722364764732,293,0,21,0,0,0.0,False,validation_f2
rf_random_search_best_threshold_tuned,random_forest,0.71,0.9331210191082803,0.5,1.0,0.0,0.0,0.0,0.0,0.6708922476840565,0.14464722364764732,293,0,21,0,0,0.0,False,validation_f2
rf_random_search_best_threshold_tuned,random_forest,0.715,0.9331210191082803,0.5,1.0,0.0,0.0,0.0,0.0,0.6708922476840565,0.14464722364764732,293,0,21,0,0,0.0,False,validation_f2
rf_random_search_best_threshold_tuned,random_forest,0.72,0.9331210191082803,0.5,1.0,0.0,0.0,0.0,0.0,0.6708922476840565,0.14464722364764732,293,0,21,0,0,0.0,False,validation_f2
rf_random_search_best_threshold_tuned,random_forest,0.725,0.9331210191082803,0.5,1.0,0.0,0.0,0.0,0.0,0.6708922476840565,0.14464722364764732,293,0,21,0,0,0.0,False,validation_f2
rf_random_search_best_threshold_tuned,random_forest,0.73,0.9331210191082803,0.5,1.0,0.0,0.0,0.0,0.0,0.6708922476840565,0.14464722364764732,293,0,21,0,0,0.0,False,validation_f2
rf_random_search_best_threshold_tuned,random_forest,0.735,0.9331210191082803,0.5,1.0,0.0,0.0,0.0,0.0,0.6708922476840565,0.14464722364764732,293,0,21,0,0,0.0,False,validation_f2
rf_random_search_best_threshold_tuned,random_forest,0.74,0.9331210191082803,0.5,1.0,0.0,0.0,0.0,0.0,0.6708922476840565,0.14464722364764732,293,0,21,0,0,0.0,False,validation_f2
rf_random_search_best_threshold_tuned,random_forest,0.745,0.9331210191082803,0.5,1.0,0.0,0.0,0.0,0.0,0.6708922476840565,0.14464722364764732,293,0,21,0,0,0.0,False,validation_f2
rf_random_search_best_threshold_tuned,random_forest,0.75,0.9331210191082803,0.5,1.0,0.0,0.0,0.0,0.0,0.6708922476840565,0.14464722364764732,293,0,21,0,0,0.0,False,validation_f2
rf_random_search_best_threshold_tuned,random_forest,0.755,0.9331210191082803,0.5,1.0,0.0,0.0,0.0,0.0,0.6708922476840565,0.14464722364764732,293,0,21,0,0,0.0,False,validation_f2
rf_random_search_best_threshold_tuned,random_forest,0.76,0.9331210191082803,0.5,1.0,0.0,0.0,0.0,0.0,0.6708922476840565,0.14464722364764732,293,0,21,0,0,0.0,False,validation_f2
rf_random_search_best_threshold_tuned,random_forest,0.765,0.9331210191082803,0.5,1.0,0.0,0.0,0.0,0.0,0.6708922476840565,0.14464722364764732,293,0,21,0,0,0.0,False,validation_f2
rf_random_search_best_threshold_tuned,random_forest,0.77,0.9331210191082803,0.5,1.0,0.0,0.0,0.0,0.0,0.6708922476840565,0.14464722364764732,293,0,21,0,0,0.0,False,validation_f2
rf_random_search_best_threshold_tuned,random_forest,0.775,0.9331210191082803,0.5,1.0,0.0,0.0,0.0,0.0,0.6708922476840565,0.14464722364764732,293,0,21,0,0,0.0,False,validation_f2
rf_random_search_best_threshold_tuned,random_forest,0.78,0.9331210191082803,0.5,1.0,0.0,0.0,0.0,0.0,0.6708922476840565,0.14464722364764732,293,0,21,0,0,0.0,False,validation_f2
rf_random_search_best_threshold_tuned,random_forest,0.785,0.9331210191082803,0.5,1.0,0.0,0.0,0.0,0.0,0.6708922476840565,0.14464722364764732,293,0,21,0,0,0.0,False,validation_f2
rf_random_search_best_threshold_tuned,random_forest,0.79,0.9331210191082803,0.5,1.0,0.0,0.0,0.0,0.0,0.6708922476840565,0.14464722364764732,293,0,21,0,0,0.0,False,validation_f2
rf_random_search_best_threshold_tuned,random_forest,0.795,0.9331210191082803,0.5,1.0,0.0,0.0,0.0,0.0,0.6708922476840565,0.14464722364764732,293,0,21,0,0,0.0,False,validation_f2
rf_random_search_best_threshold_tuned,random_forest,0.8,0.9331210191082803,0.5,1.0,0.0,0.0,0.0,0.0,0.6708922476840565,0.14464722364764732,293,0,21,0,0,0.0,False,validation_f2
rf_random_search_best_threshold_tuned,random_forest,0.805,0.9331210191082803,0.5,1.0,0.0,0.0,0.0,0.0,0.6708922476840565,0.14464722364764732,293,0,21,0,0,0.0,False,validation_f2
rf_random_search_best_threshold_tuned,random_forest,0.81,0.9331210191082803,0.5,1.0,0.0,0.0,0.0,0.0,0.6708922476840565,0.14464722364764732,293,0,21,0,0,0.0,False,validation_f2
rf_random_search_best_threshold_tuned,random_forest,0.815,0.9331210191082803,0.5,1.0,0.0,0.0,0.0,0.0,0.6708922476840565,0.14464722364764732,293,0,21,0,0,0.0,False,validation_f2
rf_random_search_best_threshold_tuned,random_forest,0.82,0.9331210191082803,0.5,1.0,0.0,0.0,0.0,0.0,0.6708922476840565,0.14464722364764732,293,0,21,0,0,0.0,False,validation_f2
rf_random_search_best_threshold_tuned,random_forest,0.825,0.9331210191082803,0.5,1.0,0.0,0.0,0.0,0.0,0.6708922476840565,0.14464722364764732,293,0,21,0,0,0.0,False,validation_f2
rf_random_search_best_threshold_tuned,random_forest,0.83,0.9331210191082803,0.5,1.0,0.0,0.0,0.0,0.0,0.6708922476840565,0.14464722364764732,293,0,21,0,0,0.0,False,validation_f2
rf_random_search_best_threshold_tuned,random_forest,0.835,0.9331210191082803,0.5,1.0,0.0,0.0,0.0,0.0,0.6708922476840565,0.14464722364764732,293,0,21,0,0,0.0,False,validation_f2
rf_random_search_best_threshold_tuned,random_forest,0.84,0.9331210191082803,0.5,1.0,0.0,0.0,0.0,0.0,0.6708922476840565,0.14464722364764732,293,0,21,0,0,0.0,False,validation_f2
rf_random_search_best_threshold_tuned,random_forest,0.845,0.9331210191082803,0.5,1.0,0.0,0.0,0.0,0.0,0.6708922476840565,0.14464722364764732,293,0,21,0,0,0.0,False,validation_f2
rf_random_search_best_threshold_tuned,random_forest,0.85,0.9331210191082803,0.5,1.0,0.0,0.0,0.0,0.0,0.6708922476840565,0.14464722364764732,293,0,21,0,0,0.0,False,validation_f2
rf_random_search_best_threshold_tuned,random_forest,0.855,0.9331210191082803,0.5,1.0,0.0,0.0,0.0,0.0,0.6708922476840565,0.14464722364764732,293,0,21,0,0,0.0,False,validation_f2
rf_random_search_best_threshold_tuned,random_forest,0.86,0.9331210191082803,0.5,1.0,0.0,0.0,0.0,0.0,0.6708922476840565,0.14464722364764732,293,0,21,0,0,0.0,False,validation_f2
rf_random_search_best_threshold_tuned,random_forest,0.865,0.9331210191082803,0.5,1.0,0.0,0.0,0.0,0.0,0.6708922476840565,0.14464722364764732,293,0,21,0,0,0.0,False,validation_f2
rf_random_search_best_threshold_tuned,random_forest,0.87,0.9331210191082803,0.5,1.0,0.0,0.0,0.0,0.0,0.6708922476840565,0.14464722364764732,293,0,21,0,0,0.0,False,validation_f2
rf_random_search_best_threshold_tuned,random_forest,0.875,0.9331210191082803,0.5,1.0,0.0,0.0,0.0,0.0,0.6708922476840565,0.14464722364764732,293,0,21,0,0,0.0,False,validation_f2
rf_random_search_best_threshold_tuned,random_forest,0.88,0.9331210191082803,0.5,1.0,0.0,0.0,0.0,0.0,0.6708922476840565,0.14464722364764732,293,0,21,0,0,0.0,False,validation_f2
rf_random_search_best_threshold_tuned,random_forest,0.885,0.9331210191082803,0.5,1.0,0.0,0.0,0.0,0.0,0.6708922476840565,0.14464722364764732,293,0,21,0,0,0.0,False,validation_f2
rf_random_search_best_threshold_tuned,random_forest,0.89,0.9331210191082803,0.5,1.0,0.0,0.0,0.0,0.0,0.6708922476840565,0.14464722364764732,293,0,21,0,0,0.0,False,validation_f2
rf_random_search_best_threshold_tuned,random_forest,0.895,0.9331210191082803,0.5,1.0,0.0,0.0,0.0,0.0,0.6708922476840565,0.14464722364764732,293,0,21,0,0,0.0,False,validation_f2
rf_random_search_best_threshold_tuned,random_forest,0.9,0.9331210191082803,0.5,1.0,0.0,0.0,0.0,0.0,0.6708922476840565,0.14464722364764732,293,0,21,0,0,0.0,False,validation_f2
rf_random_search_best_threshold_tuned,random_forest,0.905,0.9331210191082803,0.5,1.0,0.0,0.0,0.0,0.0,0.6708922476840565,0.14464722364764732,293,0,21,0,0,0.0,False,validation_f2
rf_random_search_best_threshold_tuned,random_forest,0.91,0.9331210191082803,0.5,1.0,0.0,0.0,0.0,0.0,0.6708922476840565,0.14464722364764732,293,0,21,0,0,0.0,False,validation_f2
rf_random_search_best_threshold_tuned,random_forest,0.915,0.9331210191082803,0.5,1.0,0.0,0.0,0.0,0.0,0.6708922476840565,0.14464722364764732,293,0,21,0,0,0.0,False,validation_f2
rf_random_search_best_threshold_tuned,random_forest,0.92,0.9331210191082803,0.5,1.0,0.0,0.0,0.0,0.0,0.6708922476840565,0.14464722364764732,293,0,21,0,0,0.0,False,validation_f2
rf_random_search_best_threshold_tuned,random_forest,0.925,0.9331210191082803,0.5,1.0,0.0,0.0,0.0,0.0,0.6708922476840565,0.14464722364764732,293,0,21,0,0,0.0,False,validation_f2
rf_random_search_best_threshold_tuned,random_forest,0.93,0.9331210191082803,0.5,1.0,0.0,0.0,0.0,0.0,0.6708922476840565,0.14464722364764732,293,0,21,0,0,0.0,False,validation_f2
rf_random_search_best_threshold_tuned,random_forest,0.935,0.9331210191082803,0.5,1.0,0.0,0.0,0.0,0.0,0.6708922476840565,0.14464722364764732,293,0,21,0,0,0.0,False,validation_f2
rf_random_search_best_threshold_tuned,random_forest,0.94,0.9331210191082803,0.5,1.0,0.0,0.0,0.0,0.0,0.6708922476840565,0.14464722364764732,293,0,21,0,0,0.0,False,validation_f2
rf_random_search_best_threshold_tuned,random_forest,0.945,0.9331210191082803,0.5,1.0,0.0,0.0,0.0,0.0,0.6708922476840565,0.14464722364764732,293,0,21,0,0,0.0,False,validation_f2
rf_random_search_best_threshold_tuned,random_forest,0.95,0.9331210191082803,0.5,1.0,0.0,0.0,0.0,0.0,0.6708922476840565,0.14464722364764732,293,0,21,0,0,0.0,False,validation_f2
